STUDYID,PREGHXTESTCD,PREGHXTEST,COUNT_OBS,COUNT_SUBJ
MANA-2.0,GAGEHX,Gest age at end of pregnancy (days),20337,20337
MANA-2.0,STLBRTH,Index pregnancy ended in still birth?,20713,20713
MANA-2.0,LVBRTH,Index pregnancy ended in live birth?,20713,20713
MANA-2.0,BLDLSS,Estimated blood loss (mL),19646,19646
MANA-2.0,SMOKED,Mom smoked during pregnancy?,1108,1108
MANA-2.0,SMOKAMT,Smoking amount,398,398
MANA-2.0,ETOH,Alcohol intake during pregnancy?,1102,1102
MANA-2.0,PARITY,Maternal parity,13106,13106
MANA-2.0,GRAVIDA,Maternal num pregnancies,13133,13133
MANA-2.0,NABT,Maternal num of abortions,14846,14846
MANA-2.0,NSTLBRTH,Maternal num of still births,150,150
MANA-2.0,NLIVBRTH,Maternal num of live births,13106,13106
MANA-2.0,DURLBR,Duration of labor (hrs),20529,20529
MANA-2.0,NUMHCVIS,Number of antenatal health care visits,20639,20639
MANA-2.0,DLVLOC,Location of delivery,20679,20679
MANA-2.0,GDM,Gestational diabetes?,20646,20646
MANA-2.0,GHTN,Gestational hypertension?,20646,20646
MANA-2.0,PREECLMP,Preeclampsia,20646,20646
MANA-2.0,ECLMP,Eclampsia,20561,20561
MANA-2.0,ANEMIA,Pregnancy-related anemia?,20561,20561
MANA-2.0,MDD,Major depressive disorder - pregnancy,20713,20713
MANA-2.0,LVBRTHHX,Previous Live Birth,20713,20713
MANA-2.0,COMPRISK,Pregnancy complications/risk factors,1956,1956
MANA-3.0,GAGEHX,Gest age at end of pregnancy (days),10742,10742
MANA-3.0,SMOKED,Mom smoked during pregnancy?,12104,12104
MANA-3.0,SMOKAMT,Smoking amount,266,266
MANA-3.0,ETOH,Alcohol intake during pregnancy?,12095,12095
MANA-3.0,ETOHAMT,Amount of alcohol,593,593
MANA-3.0,DRUGUSE,Drug use during pregnancy,1054,1054
MANA-3.0,PARITY,Maternal parity,12073,12073
MANA-3.0,GRAVIDA,Maternal num pregnancies,12073,12073
MANA-3.0,NMSCR,Maternal num of miscarriages,12107,12107
MANA-3.0,NSTLBRTH,Maternal num of still births,12107,12107
MANA-3.0,NLIVBRTH,Maternal num of live births,7637,7637
MANA-3.0,NLCHILD,Maternal num of living children,7614,7614
MANA-3.0,NCSECT,Maternal num of previous C-sections,12107,12107
MANA-3.0,INFRTTRT,Infertility treatment at conception,54,54
MANA-3.0,NUMHCVIS,Number of antenatal health care visits,11996,11996
MANA-3.0,DLVLOC,Location of delivery,12351,12351
MANA-3.0,GDM,Gestational diabetes?,3,3
MANA-3.0,GDMINSLN,Insulin dependent GDM?,3,3
MANA-3.0,DM,Diabetes M (not specifically gestation),2532,2532
MANA-3.0,GHTN,Gestational hypertension?,170,170
MANA-3.0,HTN,Htn (not specifically gestational),2532,2532
MANA-3.0,PREECLMP,Preeclampsia,170,170
MANA-3.0,ANEMIA,Pregnancy-related anemia?,2151,2151
MANA-3.0,SUBSTABU,Substance abuse during pregnancy,51,51
MANA-3.0,GAD,Generalised anxiety disroder - pregnancy,507,507
MANA-3.0,LVBRTHHX,Previous Live Birth,12486,12486
MANA-3.0,ABORTHX,Previous Abortions,12486,12486
MANA-3.0,PREMIEHX,Previous Premature Baby,12486,12486
MANA-3.0,PRETRMHX,Number of previous preterm Births,471,471
MANA-3.0,COMPRISK,Pregnancy complications/risk factors,3410,3410
NHANES-1999-00,SMOKED,Mom smoked during pregnancy?,3867,3867
NHANES-2001-02,SMOKED,Mom smoked during pregnancy?,4363,4363
NHANES-2003-04,SMOKED,Mom smoked during pregnancy?,3873,3873
NHANES-2005-06,SMOKED,Mom smoked during pregnancy?,4163,4163
NHANES-2007-08,SMOKED,Mom smoked during pregnancy?,3567,3567
NHANES-2009-10,SMOKED,Mom smoked during pregnancy?,3610,3610
NHANES-2011-12,SMOKED,Mom smoked during pregnancy?,3544,3544
ki1000128-PEDIATRIX,SMOKED,Mom smoked during pregnancy?,1072682,1072682
ki1000128-PEDIATRIX,SMOKAMT,Smoking amount,17958,17958
ki1000128-PEDIATRIX,PARITY,Maternal parity,974972,974972
ki1000128-PEDIATRIX,GRAVIDA,Maternal num pregnancies,1045403,1045403
ki1000128-PEDIATRIX,GDM,Gestational diabetes?,1072682,1072682
ki1000128-PEDIATRIX,GDMINSLN,Insulin dependent GDM?,1072682,1072682
ki1000128-PEDIATRIX,GHTN,Gestational hypertension?,1072682,1072682
ki1000128-PEDIATRIX,PREECLMP,Preeclampsia,1072682,1072682
ki1000128-PEDIATRIX,ECLMP,Eclampsia,1072682,1072682
ki1000128-PEDIATRIX,HELLP,HELLP Syndrome,1072682,1072682
ki1000128-PEDIATRIX,SUBSTABU,Substance abuse during pregnancy,1072682,1072682
ki1000130-DutchGrowth1997,SMOKED,Mom smoked during pregnancy?,6686,6686
ki1000130-DutchGrowth1997,SMOKAMT,Smoking amount,20572,20572
ki1000130-DutchGrowth1997,ETOH,Alcohol intake during pregnancy?,6681,6681
ki1000130-DutchGrowth1997,ETOHAMT,Amount of alcohol,20572,20572
ki1000131-ChinaEMI,SMOKED,Mom smoked during pregnancy?,2093,2093
ki1000131-ChinaEMI,SMOK2EXP,Second-hand smoking exposure,1311,1311
ki1000131-ChinaEMI,ETOH,Alcohol intake during pregnancy?,2051,2051
ki1000131-ChinaEMI,FACID,Folic acid during pregnancy,2107,2107
ki1000131-ChinaEMI,EXER,Exercise during pregnancy,2115,2115
ki1000131-ChinaEMI,EXERAMT,Amount or nature of exercise,2007,2007
ki1000131-ChinaEMI,GRAVIDA,Maternal num pregnancies,2096,2096
ki1000131-ChinaEMI,NMSCR,Maternal num of miscarriages,2042,2042
ki1000131-ChinaEMI,NLIVBRTH,Maternal num of live births,2041,2041
ki1000131-ChinaEMI,NFCHILD,Maternal num of female children,471,471
ki1000131-ChinaEMI,NMCHILD,Maternal num of male children,271,271
ki1000131-ChinaEMI,PLNDPREG,Current pregnancy planned,2019,2019
ki1000131-ChinaEMI,DLVLOC,Location of delivery,2014,2014
ki1000131-ChinaEMI,GDM,Gestational diabetes?,499,499
ki1000131-ChinaEMI,GHTN,Gestational hypertension?,500,500
ki1000131-ChinaEMI,GAD,Generalised anxiety disroder - pregnancy,2089,2089
ki1000131-ChinaEMI,PREMIEHX,Previous Premature Baby,2115,2115
ki1000131-ChinaEMI,PRETRMHX,Number of previous preterm Births,2115,2115
ki1000145-Guangzhou Singleton,PARITY,Maternal parity,437926,437926
ki1000145-Guangzhou Singleton,GRAVIDA,Maternal num pregnancies,437873,437873
ki1000145-Guangzhou Twin,PARITY,Maternal parity,40849,40849
ki1000302-TTBW,GAGEHX,Gest age at end of pregnancy (days),1767,1767
ki1000302-TTBW,NUMHCVIS,Number of antenatal health care visits,1675,1675
ki1000302-TTBW,DLVLOC,Location of delivery,1776,1776
ki1000302-TTBW,EPISTMY,Episiotomy,1776,1776
ki1000305-CordBloodCytometry,GAGEHX,Gest age at end of pregnancy (days),360,360
ki1000305-CordBloodCytometry,PARITY,Maternal parity,534,534
ki1000305-CordBloodCytometry,GRAVIDA,Maternal num pregnancies,541,541
ki1000305-CordBloodCytometry,DURLBR,Duration of labor (hrs),486,486
ki1000305-CordBloodCytometry,GDM,Gestational diabetes?,540,540
ki1000305-CordBloodCytometry,PREECLMP,Preeclampsia,541,541
ki1125811-MayaDualBurden,SMOKED,Mom smoked during pregnancy?,57,57
ki1125811-MayaDualBurden,PLNDPREG,Current pregnancy planned,58,58
ki1125811-MayaDualBurden,DLVLOC,Location of delivery,58,58
ki1125811-MayaDualBurden,DLVPSN,Person conducting the delivery,58,58
ki1127337-MatlabD,GAGEHX,Gest age at end of pregnancy (days),2722,2722
ki1127337-MatlabD,ABT,Index pregnancy induced abortion?,2249,2249
ki1127337-MatlabD,MSCR,Index pregnancy ended in miscarriage?,2249,2249
ki1127337-MatlabD,STLBRTH,Index pregnancy ended in still birth?,2249,2249
ki1127337-MatlabD,LVBRTH,Index pregnancy ended in live birth?,2249,2249
ki1127337-MatlabD,NSTLBRTH,Maternal num of still births,1004,1004
ki1127337-MatlabD,NLCHILD,Maternal num of living children,2249,2249
ki1127337-MatlabD,NDCHILD,Maternal num of deceased children,2249,2249
ki1127337-MatlabD,NFCHILD,Maternal num of female children,2249,2249
ki1127337-MatlabD,NMCHILD,Maternal num of male children,2249,2249
ki1127337-MatlabD,PLNDPREG,Current pregnancy planned,1004,1004
ki1127337-MatlabD,DLVLOC,Location of delivery,2727,2727
ki1127337-MatlabD,DLVPSN,Person conducting the delivery,2727,2727
ki1127337-MatlabKMC,DLVLOC,Location of delivery,162,162
ki1127337-MatlabKMC,DLVPSN,Person conducting the delivery,159,159
CPP,PARITY,Maternal parity,58273,58273
CPP,GRAVIDA,Maternal num pregnancies,41692,41692
CPP,NABT,Maternal num of abortions,41698,41698
CPP,NSTLBRTH,Maternal num of still births,41658,41658
CPP,NUMHCVIS,Number of antenatal health care visits,56795,56795
CPP,MCIGNUM,Num cigarettes mom smoked per day,25872,25872
NICHD-FGS,PARITY,Maternal parity,2334,2334
ki0047075-MAL-ED,SMOKED,Mom smoked during pregnancy?,2145,2145
ki0047075-MAL-ED,SMOKAMT,Smoking amount,30,30
ki0047075-MAL-ED,ETOH,Alcohol intake during pregnancy?,2145,2145
ki0047075-MAL-ED,ETOHAMT,Amount of alcohol,107,107
ki0047075-MAL-ED,MAGE1ST,Maternal age (yrs) time of 1st delivery,2143,2143
ki0047075-MAL-ED,GRAVIDA,Maternal num pregnancies,2143,2143
ki0047075-MAL-ED,NLCHILD,Maternal num of living children,2143,2143
ki0047075-MAL-ED,INFDTH,Previous infant death,2145,2145
ki1000108-CMC-V-BCS-2002,GRAVIDA,Maternal num pregnancies,373,373
ki1000108-CMC-V-BCS-2002,NABT,Maternal num of abortions,373,373
ki1000108-CMC-V-BCS-2002,NSTLBRTH,Maternal num of still births,373,373
ki1000108-CMC-V-BCS-2002,NLCHILD,Maternal num of living children,373,373
ki1000108-CMC-V-BCS-2002,DLVLOC,Location of delivery,370,370
ki1000108-IRC,GAGEHX,Gest age at end of pregnancy (days),390,390
ki1000108-IRC,GRAVIDA,Maternal num pregnancies,410,410
ki1000108-IRC,NABT,Maternal num of abortions,410,410
ki1000108-IRC,NSTLBRTH,Maternal num of still births,410,410
ki1000108-IRC,NLCHILD,Maternal num of living children,410,410
ki1000108-IRC,DLVLOC,Location of delivery,410,410
ki1000108-IRC,COMPRISK,Pregnancy complications/risk factors,30,30
ki1000108-TDC,GRAVIDA,Maternal num pregnancies,160,160
ki1000108-TDC,NABT,Maternal num of abortions,160,160
ki1000108-TDC,NSTLBRTH,Maternal num of still births,160,160
ki1000108-TDC,NLCHILD,Maternal num of living children,160,160
ki1000108-TDC,DLVLOC,Location of delivery,160,160
ki1000108-TDC,ABORTHX,Previous Abortions,160,160
ki1000109-EE,NUMHCVIS,Number of antenatal health care visits,379,379
ki1000109-EE,DLVLOC,Location of delivery,378,378
ki1000109-EE,DLVPSN,Person conducting the delivery,380,380
ki1000109-EE,COMPRISK,Pregnancy complications/risk factors,57,57
ki1000117-Detroit-Longitudinal,SMOKED,Mom smoked during pregnancy?,482,482
ki1000117-Detroit-Longitudinal,SMOKAMT,Smoking amount,300,300
ki1000117-Detroit-Longitudinal,ETOH,Alcohol intake during pregnancy?,482,482
ki1000117-Detroit-Longitudinal,ETOHAMT,Amount of alcohol,401,401
ki1000117-Detroit-Longitudinal,PARITY,Maternal parity,480,480
ki1000117-Detroit-Longitudinal,GRAVIDA,Maternal num pregnancies,480,480
ki1000125-AgaKhanUniv,LVBRTH,Index pregnancy ended in live birth?,201,201
ki1000125-AgaKhanUniv,NUMHCVIS,Number of antenatal health care visits,197,197
ki1000125-AgaKhanUniv,DLVLOC,Location of delivery,558,558
ki1000125-AgaKhanUniv,DLVPSN,Person conducting the delivery,563,563
ki1000130-POPS,SMOKED,Mom smoked during pregnancy?,1173,1173
ki1000130-POPS,PARITY,Maternal parity,1335,1335
ki1000130-POPS,DM,Diabetes M (not specifically gestation),1335,1335
ki1000130-SMOCC,SMOKED,Mom smoked during pregnancy?,2151,2151
ki1000130-SMOCC,SMOKAMT,Smoking amount,2090,2090
ki1000130-SMOCC,ETOH,Alcohol intake during pregnancy?,2151,2151
ki1000130-SMOCC,ETOHAMT,Amount of alcohol,2090,2090
ki1000130-SMOCC,GRAVIDA,Maternal num pregnancies,1307,1307
ki1000130-SMOCC,NSTLBRTH,Maternal num of still births,2151,2151
ki1000130-SMOCC,NLCHILD,Maternal num of living children,2151,2151
ki1000130-SMOCC,NDCHILD,Maternal num of deceased children,2151,2151
ki1000130-SMOCC,NFCHILD,Maternal num of female children,2151,2151
ki1000130-SMOCC,NMCHILD,Maternal num of male children,2151,2151
ki1000130-SMOCC,DLVLOC,Location of delivery,2122,2122
ki1000130-SMOCC,DLVPSN,Person conducting the delivery,2074,2074
ki1000130-SMOCC,MCIGNUM,Num cigarettes mom smoked per day,2151,2151
ki1000130-SMOCC,SUBSTABU,Substance abuse during pregnancy,2151,2151
ki1000133-UMN-Amplatz,PARITY,Maternal parity,56,56
ki1000133-UMN-Amplatz,GRAVIDA,Maternal num pregnancies,56,56
ki1000133-UMN-Amplatz,NABT,Maternal num of abortions,56,56
ki1000133-UMN-Amplatz,NLCHILD,Maternal num of living children,56,56
ki1000133-UMN-Amplatz,GDM,Gestational diabetes?,56,56
ki1000133-UMN-Amplatz,DM,Diabetes M (not specifically gestation),56,56
ki1000133-UMN-Amplatz,GHTN,Gestational hypertension?,56,56
ki1000133-UMN-Amplatz,HTN,Htn (not specifically gestational),56,56
ki1000133-UMN-Amplatz,PREECLMP,Preeclampsia,56,56
ki1000133-UMN-Amplatz,HELLP,HELLP Syndrome,56,56
ki1000133-UMN-Amplatz,ABORTHX,Previous Abortions,56,56
ki1000133-UMN-Amplatz,PRETRMHX,Number of previous preterm Births,56,56
ki1000133-UMN-MOD,GAGEHX,Gest age at end of pregnancy (days),47,47
ki1000133-UMN-MOD,PARITY,Maternal parity,47,47
ki1000133-UMN-MOD,GRAVIDA,Maternal num pregnancies,47,47
ki1000133-UMN-MOD,NABT,Maternal num of abortions,47,47
ki1000133-UMN-MOD,NLCHILD,Maternal num of living children,47,47
ki1000133-UMN-MOD,GDM,Gestational diabetes?,47,47
ki1000133-UMN-MOD,DM,Diabetes M (not specifically gestation),47,47
ki1000133-UMN-MOD,GHTN,Gestational hypertension?,47,47
ki1000133-UMN-MOD,HTN,Htn (not specifically gestational),47,47
ki1000133-UMN-MOD,PREECLMP,Preeclampsia,47,47
ki1000133-UMN-MOD,ABORTHX,Previous Abortions,47,47
ki1000133-UMN-MOD,PRETRMHX,Number of previous preterm Births,47,47
ki1000133-UMN-NORM,PARITY,Maternal parity,170,170
ki1000133-UMN-NORM,GDM,Gestational diabetes?,170,170
ki1000145-BIGCS Ultrasound,SMOK2EXP,Second-hand smoking exposure,1010,1010
ki1000145-BIGCS Ultrasound,PARITY,Maternal parity,3374,3374
ki1000145-BIGCS Ultrasound,GRAVIDA,Maternal num pregnancies,3374,3374
ki1000153-HealthyStart,SMOKED,Mom smoked during pregnancy?,318,318
ki1000153-HealthyStart,SMOKAMT,Smoking amount,76,76
ki1000153-HealthyStart,PARITY,Maternal parity,905,905
ki1000153-HealthyStart,NMSCR,Maternal num of miscarriages,273,273
ki1000153-HealthyStart,NLIVBRTH,Maternal num of live births,1095,1095
ki1000153-HealthyStart,GDM,Gestational diabetes?,1264,1264
ki1000153-HealthyStart,GHTN,Gestational hypertension?,1336,1336
ki1000153-HealthyStart,HTN,Htn (not specifically gestational),1342,1342
ki1000153-HealthyStart,PREECLMP,Preeclampsia,1336,1336
ki1000153-HealthyStart,ECLMP,Eclampsia,1336,1336
ki1000153-HealthyStart,ANEMIA,Pregnancy-related anemia?,1341,1341
ki1000153-HealthyStart,COMPRISK,Pregnancy complications/risk factors,725,725
ki1000156-Dutch Famine,GAGEHX,Gest age at end of pregnancy (days),2044,2044
ki1000156-Dutch Famine,GRAVIDA,Maternal num pregnancies,2414,2414
ki1000156-Dutch Famine,GDM,Gestational diabetes?,82,82
ki1000156-Dutch Famine,GHTN,Gestational hypertension?,367,367
ki1000304-NEOVITA,LVBRTH,Index pregnancy ended in live birth?,44984,44984
ki1000304-NEOVITA,DLVLOC,Location of delivery,44909,44909
ki1000304-NEOVITA,DLVPSN,Person conducting the delivery,44984,44984
ki1000304-ZnMort,LVBRTH,Index pregnancy ended in live birth?,94359,94359
ki1000304-ZnMort,NLIVBRTH,Maternal num of live births,94359,94359
ki1000304-ZnMort,NDCHILD,Maternal num of deceased children,94359,94359
ki1000304-ZnMort,DLVLOC,Location of delivery,94359,94359
ki1000304b-SAS-CompFeed,DLVLOC,Location of delivery,1251,1251
ki1000304b-SAS-FoodSuppl,DLVLOC,Location of delivery,418,418
ki1000304c-IMNCI,ABT,Index pregnancy induced abortion?,61978,61978
ki1000304c-IMNCI,STLBRTH,Index pregnancy ended in still birth?,61978,61978
ki1000304c-IMNCI,LVBRTH,Index pregnancy ended in live birth?,61978,61978
ki1000304c-IMNCI,DLVLOC,Location of delivery,61842,61842
ki1000304c-IMNCI,DLVPSN,Person conducting the delivery,60159,60159
ki1017093b-PROVIDE,MAGE1ST,Maternal age (yrs) time of 1st delivery,700,700
ki1017093b-PROVIDE,PARITY,Maternal parity,700,700
ki1017093b-PROVIDE,NSTLBRTH,Maternal num of still births,700,700
ki1017093b-PROVIDE,NLIVBRTH,Maternal num of live births,700,700
ki1017093b-PROVIDE,NLCHILD,Maternal num of living children,700,700
ki1017093b-PROVIDE,DLVLOC,Location of delivery,700,700
ki1017093c-NIH-Crypto,STLBRTH,Index pregnancy ended in still birth?,758,758
ki1017093c-NIH-Crypto,LVBRTH,Index pregnancy ended in live birth?,758,758
ki1017093c-NIH-Crypto,FACID,Folic acid during pregnancy,755,755
ki1017093c-NIH-Crypto,MVIT,Multivitamin during pregnancy,522,522
ki1017093c-NIH-Crypto,MAGE1ST,Maternal age (yrs) time of 1st delivery,756,756
ki1017093c-NIH-Crypto,NSTLBRTH,Maternal num of still births,758,758
ki1017093c-NIH-Crypto,NLIVBRTH,Maternal num of live births,758,758
ki1017093c-NIH-Crypto,DLVLOC,Location of delivery,758,758
ki1017093c-NIH-Crypto,LVBRTHHX,Previous Live Birth,658,658
ki1066203-TanzaniaChild2,PARITY,Maternal parity,2367,2367
ki1066203-TanzaniaChild2,GRAVIDA,Maternal num pregnancies,1601,1601
ki1066203-TanzaniaChild2,DLVLOC,Location of delivery,2278,2278
ki1101329-Keneba,PARITY,Maternal parity,2000,2000
ki1112895-Burkina Faso Zn,PARITY,Maternal parity,6246,6246
ki1112895-Burkina Faso Zn,NDCHILD,Maternal num of deceased children,5850,5850
ki1113344-GMS-Nepal,SMOKED,Mom smoked during pregnancy?,698,698
ki1113344-GMS-Nepal,SMOKAMT,Smoking amount,699,699
ki1113344-GMS-Nepal,SMOK2EXP,Second-hand smoking exposure,698,698
ki1113344-GMS-Nepal,MVIT,Multivitamin during pregnancy,695,695
ki1113344-GMS-Nepal,MAGE1ST,Maternal age (yrs) time of 1st delivery,490,490
ki1113344-GMS-Nepal,PARITY,Maternal parity,698,698
ki1113344-GMS-Nepal,NLCHILD,Maternal num of living children,698,698
ki1113344-GMS-Nepal,NFCHILD,Maternal num of female children,698,698
ki1113344-GMS-Nepal,NMCHILD,Maternal num of male children,698,698
ki1113344-GMS-Nepal,DLVLOC,Location of delivery,648,648
ki1113344-GMS-Nepal,DLVPSN,Person conducting the delivery,606,606
ki1113344-GMS-Nepal,GHTN,Gestational hypertension?,524,524
ki1113344-GMS-Nepal,LVBRTHHX,Previous Live Birth,698,698
ki1113344-GMS-Nepal,COMPRISK,Pregnancy complications/risk factors,698,698
ki1119695-PROBIT,GAGEHX,Gest age at end of pregnancy (days),17046,17046
ki1119695-PROBIT,SMOKED,Mom smoked during pregnancy?,17046,17046
ki1119695-PROBIT,SMOKAMT,Smoking amount,17046,17046
ki1119695-PROBIT,ETOH,Alcohol intake during pregnancy?,17046,17046
ki1119695-PROBIT,ETOHAMT,Amount of alcohol,17046,17046
ki1119695-PROBIT,NABT,Maternal num of abortions,3748,3748
ki1119695-PROBIT,NMSCR,Maternal num of miscarriages,599,599
ki1119695-PROBIT,NLCHILD,Maternal num of living children,17045,17045
ki1119695-PROBIT,COMPRISK,Pregnancy complications/risk factors,17045,17045
ki1120016-BAMBAM,PARITY,Maternal parity,188,188
ki1126311-ZVITAMBO,BLDLSS,Estimated blood loss (mL),13115,13115
ki1126311-ZVITAMBO,BLDTFA,Blood transfusion amount (mL),56,56
ki1126311-ZVITAMBO,PARITY,Maternal parity,14109,14109
ki1126311-ZVITAMBO,NLCHILD,Maternal num of living children,14110,14110
ki1126311-ZVITAMBO,DSPPREG,Days since end of previous pregnancy,7964,7964
ki1126311-ZVITAMBO,DURLBR,Duration of labor (hrs),2658,2658
ki1126927-GUSTO,BLDLSS,Estimated blood loss (mL),1117,1117
ki1126927-GUSTO,SMOKED,Mom smoked during pregnancy?,419,419
ki1126927-GUSTO,SMOK2EXP,Second-hand smoking exposure,419,419
ki1126927-GUSTO,ETOH,Alcohol intake during pregnancy?,1126,1126
ki1126927-GUSTO,ETOHBEER,Amount of beer during pregnancy,20,20
ki1126927-GUSTO,ETOHWINE,Amount of wine during pregnancy,20,20
ki1126927-GUSTO,ETOHHARD,Amount of hard liquor during pregnancy,21,21
ki1126927-GUSTO,DIET,Diet during pregnancy,79,79
ki1126927-GUSTO,MVIT,Multivitamin during pregnancy,271,271
ki1126927-GUSTO,PARITY,Maternal parity,1149,1149
ki1126927-GUSTO,GRAVIDA,Maternal num pregnancies,1149,1149
ki1126927-GUSTO,NABT,Maternal num of abortions,69,69
ki1126927-GUSTO,NMSCR,Maternal num of miscarriages,103,103
ki1126927-GUSTO,NSTLBRTH,Maternal num of still births,7,7
ki1126927-GUSTO,NLIVBRTH,Maternal num of live births,655,655
ki1126927-GUSTO,GDM,Gestational diabetes?,109,109
ki1126927-GUSTO,DM,Diabetes M (not specifically gestation),12,12
ki1126927-GUSTO,GHTN,Gestational hypertension?,48,48
ki1126927-GUSTO,HTN,Htn (not specifically gestational),28,28
ki1126927-GUSTO,PREECLMP,Preeclampsia,31,31
ki1126927-GUSTO,ECLMP,Eclampsia,4,4
ki1135781-COHORTS,SMOKED,Mom smoked during pregnancy?,10468,10468
ki1135781-COHORTS,MAGE1ST,Maternal age (yrs) time of 1st delivery,14964,14964
ki1135781-COHORTS,PARITY,Maternal parity,19308,19308
ki1135781-COHORTS,NLCHILD,Maternal num of living children,12628,12628
ki1135781-COHORTS,NFCHILD,Maternal num of female children,12628,12628
ki1135781-COHORTS,NMCHILD,Maternal num of male children,12628,12628
ki1135781-COHORTS,DLVLOC,Location of delivery,5159,5159
ki1135781-COHORTS,GDM,Gestational diabetes?,1,1
ki1135781-COHORTS,GHTN,Gestational hypertension?,20,20
ki1135978-Fels,GDM,Gestational diabetes?,747,747
ki1135978-Fels,GHTN,Gestational hypertension?,747,747
ki1148112-iLiNS-DOSE,NLCHILD,Maternal num of living children,1565,1565
ki1148112-iLiNS-DYAD-M,PARITY,Maternal parity,1241,1241
ki1148112-iLiNS-DYAD-M,GRAVIDA,Maternal num pregnancies,1244,1244
ki1148112-iLiNS-DYAD-M,NSTLBRTH,Maternal num of still births,1244,1244
ki1148112-iLiNS-DYAD-M,NLIVBRTH,Maternal num of live births,1245,1245
ki1148112-iLiNS-DYAD-M,NLCHILD,Maternal num of living children,1239,1239
ki1148112-iLiNS-DYAD-M,NDCHILD,Maternal num of deceased children,1242,1242
ki1148112-iLiNS-DYAD-M,DSPPREG,Days since end of previous pregnancy,914,914
ki1148112-iLiNS-DYAD-M,DLVLOC,Location of delivery,1147,1147
ki1148112-iLiNS-DYAD-M,DLVPSN,Person conducting the delivery,1205,1205
ki1164596-Ecuador Egg,DLVLOC,Location of delivery,160,160
kiGH5241-JiVitA-3,GAGEHX,Gest age at end of pregnancy (days),27274,27274
kiGH5241-JiVitA-3,ABT,Index pregnancy induced abortion?,28516,28516
kiGH5241-JiVitA-3,MSCR,Index pregnancy ended in miscarriage?,28516,28516
kiGH5241-JiVitA-3,STLBRTH,Index pregnancy ended in still birth?,28516,28516
kiGH5241-JiVitA-3,LVBRTH,Index pregnancy ended in live birth?,28516,28516
kiGH5241-JiVitA-3,MAGE1ST,Maternal age (yrs) time of 1st delivery,18536,18536
kiGH5241-JiVitA-3,PARITY,Maternal parity,28481,28481
kiGH5241-JiVitA-3,DLVLOC,Location of delivery,355,355
kiGH5241-JiVitA-3,DLVPSN,Person conducting the delivery,359,359
kiGH5241-JiVitA-4,NSTLBRTH,Maternal num of still births,4522,4522
kiGH5241-JiVitA-4,NLIVBRTH,Maternal num of live births,4522,4522
kiGH5241-JiVitA-4,DURLBR,Duration of labor (hrs),4331,4331
kiGH5241-JiVitA-4,DLVLOC,Location of delivery,4502,4502
kiGH5241-JiVitA-4,DLVPSN,Person conducting the delivery,4520,4520
kiGH5307-ANISA,ABT,Index pregnancy induced abortion?,73635,73635
kiGH5307-ANISA,MSCR,Index pregnancy ended in miscarriage?,73635,73635
kiGH5307-ANISA,STLBRTH,Index pregnancy ended in still birth?,73635,73635
kiGH5307-ANISA,LVBRTH,Index pregnancy ended in live birth?,73635,73635
kiGH5307-ANISA,SMOKED,Mom smoked during pregnancy?,73632,73632
kiGH5307-ANISA,SMOKAMT,Smoking amount,632,632
kiGH5307-ANISA,PARITY,Maternal parity,71376,71376
kiGH5307-ANISA,GRAVIDA,Maternal num pregnancies,73622,73622
kiGH5307-ANISA,NSTLBRTH,Maternal num of still births,6232,6232
kiGH5307-ANISA,NFCHILD,Maternal num of female children,36991,36991
kiGH5307-ANISA,NMCHILD,Maternal num of male children,37124,37124
kiGH5307-ANISA,DURLBR,Duration of labor (hrs),71426,71426
kiGH5307-ANISA,NUMHCVIS,Number of antenatal health care visits,57834,57834
kiGH5307-ANISA,DLVLOC,Location of delivery,73584,73584
kiGH5307-ANISA,DLVPSN,Person conducting the delivery,72584,72584
kiGH5307-ANISA,SUBSTABU,Substance abuse during pregnancy,73632,73632
