STUDYID,SSCAT,SSTESTCD,SSTEST,COUNT_OBS,COUNT_SUBJ
NHANES-1999-00,Water,H2OSRC,Water source,9727,9727
NHANES-1999-00,Finances,INCPOV,Income-to-poverty Ratio,1016,1016
NHANES-1999-00,Social Environment,NPERSON,Number of persons in house,1147,1147
NHANES-1999-00,Housing Quality,NROOMS,Number rooms in house,9767,9767
NHANES-2001-02,Water,H2OSRC,Water source,10795,10795
NHANES-2001-02,Finances,INCTOT,Total family income,10640,10640
NHANES-2001-02,Social Environment,NPERSON,Number of persons in house,1240,1240
NHANES-2001-02,Housing Quality,NROOMS,Number rooms in house,10818,10818
NHANES-2003-04,Water,H2OSRC,Water source,9886,9886
NHANES-2003-04,Finances,INCTOT,Total family income,9799,9799
NHANES-2003-04,Social Environment,NPERSON,Number of persons in house,988,988
NHANES-2003-04,Housing Quality,NROOMS,Number rooms in house,9971,9971
NHANES-2005-06,Water,H2OSRC,Water source,10123,10123
NHANES-2005-06,Finances,INCTOT,Total family income,10023,10023
NHANES-2005-06,Social Environment,NPERSON,Number of persons in house,954,954
NHANES-2005-06,Housing Quality,NROOMS,Number rooms in house,10219,10219
NHANES-2007-08,Water,H2OSRC,Water source,9902,9902
NHANES-2007-08,Finances,INCTOT,Total family income,9738,9738
NHANES-2007-08,Social Environment,NPERSON,Number of persons in house,935,935
NHANES-2007-08,Housing Quality,NROOMS,Number rooms in house,10039,10039
NHANES-2009-10,Water,H2OSRC,Water source,10278,10278
NHANES-2009-10,Finances,INCTOT,Total family income,10030,10030
NHANES-2009-10,Social Environment,NPERSON,Number of persons in house,1079,1079
NHANES-2009-10,Housing Quality,NROOMS,Number rooms in house,10435,10435
NHANES-2011-12,Finances,INCTOT,Total family income,9293,9293
NHANES-2011-12,Social Environment,NPERSON,Number of persons in house,820,820
NHANES-2011-12,Housing Quality,NROOMS,Number rooms in house,9703,9703
ki0038874-GEMS-1,Assets,AGLAND,Agricultural land,22566,22566
ki0038874-GEMS-1,Assets,BICYCLE,Bicycle,22566,22566
ki0038874-GEMS-1,Assets,BOATM,Boat (motorized),22566,22566
ki0038874-GEMS-1,Assets,CAR,Car,22566,22566
ki0038874-GEMS-1,Assets,CART,Cart (animal pulled),22566,22566
ki0038874-GEMS-1,Animals & Livestock,CATS,Cats,22567,22567
ki0038874-GEMS-1,Environmental Exposure,COOKFUEL,Type of cooking fuel,22567,22567
ki0038874-GEMS-1,Animals & Livestock,COW,Cow,22567,22567
ki0038874-GEMS-1,Animals & Livestock,DOGS,Dogs,22567,22567
ki0038874-GEMS-1,Housing Quality,ELEC,Electricity,22565,22565
ki0038874-GEMS-1,Housing Quality,FLOOR,Type floor in house,22567,22567
ki0038874-GEMS-1,Animals & Livestock,FOWL,Fowl,22567,22567
ki0038874-GEMS-1,Assets,FRIG,Refrigerator,22566,22566
ki0038874-GEMS-1,Animals & Livestock,GOAT,Goats,22566,22566
ki0038874-GEMS-1,Water,H2OAVAIL,Water availability at water source,22566,22566
ki0038874-GEMS-1,Water,H2OFREQ,Frequency of water retrieval,16352,16352
ki0038874-GEMS-1,Water,H2OSRC,Water source,22567,22567
ki0038874-GEMS-1,Water,H2OSTORE,Drinking stored water,22558,22558
ki0038874-GEMS-1,Water,H2OTIME,Time to retrieve water,17060,17060
ki0038874-GEMS-1,Water,H2OTRTP,Method treat drinking water,22567,22567
ki0038874-GEMS-1,Water,H2OUNTRT,Drinking un-treated water,5554,5554
ki0038874-GEMS-1,Assets,MCYCLE,Motorcycle,22566,22566
ki0038874-GEMS-1,Social Environment,NCHLDLT5,Number of children <5 in house,22565,22565
ki0038874-GEMS-1,Social Environment,NPERSON,Number of persons in house,22562,22562
ki0038874-GEMS-1,Housing Quality,NROOMS,Number rooms in house,22560,22560
ki0038874-GEMS-1,Social Environment,NSLEEP,Number of persons sleeping in house,22560,22560
ki0038874-GEMS-1,Social Environment,PHONE,Phone,22566,22566
ki0038874-GEMS-1,Assets,RADIO,Radio,22566,22566
ki0038874-GEMS-1,Animals & Livestock,RODENTS,Rodents,22567,22567
ki0038874-GEMS-1,Sanitation,SANCHLD1,Sanitation method for child (primary),22561,22561
ki0038874-GEMS-1,Sanitation,SANITATN,Type of sanitary facility,22567,22567
ki0038874-GEMS-1,Animals & Livestock,SHEEP,Sheep,22567,22567
ki0038874-GEMS-1,Assets,TV,Television,22566,22566
ki0038874-GEMS-1,Hygeine,WASHANIM,Wash hands after handling animals,22567,22567
ki0038874-GEMS-1,Hygeine,WASHCCHD,Wash hands after cleaning child,22567,22567
ki0038874-GEMS-1,Hygeine,WASHCOOK,Wash hands prior to cooking,22567,22567
ki0038874-GEMS-1,Hygeine,WASHDEFC,Wash hands after defecation,22567,22567
ki0038874-GEMS-1,Hygeine,WASHEAT,Wash hands prior to eating,22567,22567
ki0038874-GEMS-1,Hygeine,WASHNURS,Wash hands prior to nursing,22567,22567
ki0038874-GEMS-1,Hygeine,WASHNVR,Never wash hands,22567,22567
ki0038874-GEMS-1,Hygeine,WASHTYPE,Method of hand washing,22564,22564
ki0038874-GEMS-1A,Assets,AGLAND,Agricultural land,14242,14242
ki0038874-GEMS-1A,Assets,BICYCLE,Bicycle,14242,14242
ki0038874-GEMS-1A,Assets,BOATM,Boat (motorized),14242,14242
ki0038874-GEMS-1A,Assets,CAR,Car,14242,14242
ki0038874-GEMS-1A,Assets,CART,Cart (animal pulled),14242,14242
ki0038874-GEMS-1A,Animals & Livestock,CATS,Cats,14242,14242
ki0038874-GEMS-1A,Environmental Exposure,COOKFUEL,Type of cooking fuel,14241,14241
ki0038874-GEMS-1A,Animals & Livestock,COW,Cow,14242,14242
ki0038874-GEMS-1A,Animals & Livestock,DOGS,Dogs,14242,14242
ki0038874-GEMS-1A,Housing Quality,ELEC,Electricity,14242,14242
ki0038874-GEMS-1A,Housing Quality,FLOOR,Type floor in house,14242,14242
ki0038874-GEMS-1A,Animals & Livestock,FOWL,Fowl,14242,14242
ki0038874-GEMS-1A,Assets,FRIG,Refrigerator,14242,14242
ki0038874-GEMS-1A,Animals & Livestock,GOAT,Goats,14242,14242
ki0038874-GEMS-1A,Water,H2OAVAIL,Water availability at water source,14242,14242
ki0038874-GEMS-1A,Water,H2OFREQ,Frequency of water retrieval,10153,10153
ki0038874-GEMS-1A,Water,H2OSRC,Water source,14242,14242
ki0038874-GEMS-1A,Water,H2OSTORE,Drinking stored water,14242,14242
ki0038874-GEMS-1A,Water,H2OTIME,Time to retrieve water,10847,10847
ki0038874-GEMS-1A,Water,H2OTRTP,Method treat drinking water,2867,2867
ki0038874-GEMS-1A,Water,H2OUNTRT,Drinking un-treated water,2860,2860
ki0038874-GEMS-1A,Assets,MCYCLE,Motorcycle,14242,14242
ki0038874-GEMS-1A,Social Environment,NCHLDLT5,Number of children <5 in house,14240,14240
ki0038874-GEMS-1A,Social Environment,NPERSON,Number of persons in house,14241,14241
ki0038874-GEMS-1A,Housing Quality,NROOMS,Number rooms in house,14241,14241
ki0038874-GEMS-1A,Social Environment,NSLEEP,Number of persons sleeping in house,14241,14241
ki0038874-GEMS-1A,Social Environment,PHONE,Phone,14242,14242
ki0038874-GEMS-1A,Assets,RADIO,Radio,14242,14242
ki0038874-GEMS-1A,Animals & Livestock,RODENTS,Rodents,14242,14242
ki0038874-GEMS-1A,Sanitation,SANCHLD1,Sanitation method for child (primary),14242,14242
ki0038874-GEMS-1A,Sanitation,SANITATN,Type of sanitary facility,13988,13988
ki0038874-GEMS-1A,Animals & Livestock,SHEEP,Sheep,14242,14242
ki0038874-GEMS-1A,Assets,TV,Television,14242,14242
ki0038874-GEMS-1A,Hygeine,WASHANIM,Wash hands after handling animals,14242,14242
ki0038874-GEMS-1A,Hygeine,WASHCCHD,Wash hands after cleaning child,14242,14242
ki0038874-GEMS-1A,Hygeine,WASHCOOK,Wash hands prior to cooking,14242,14242
ki0038874-GEMS-1A,Hygeine,WASHDEFC,Wash hands after defecation,14242,14242
ki0038874-GEMS-1A,Hygeine,WASHEAT,Wash hands prior to eating,14242,14242
ki0038874-GEMS-1A,Hygeine,WASHNURS,Wash hands prior to nursing,14242,14242
ki0038874-GEMS-1A,Hygeine,WASHNVR,Never wash hands,14242,14242
ki0038874-GEMS-1A,Hygeine,WASHTYPE,Method of hand washing,14240,14240
ki1000108-DSS,Assets,CAR,Car,154373,154373
ki1000108-DSS,Environmental Exposure,COOKFUEL,Type of cooking fuel,154373,154373
ki1000108-DSS,Housing Quality,COOKPLAC,Place for cooking,154373,154373
ki1000108-DSS,Education,EDUCCRGV,Highest education of caregiver,154373,154373
ki1000108-DSS,Social Environment,FAMTYP,Family type,154373,154373
ki1000108-DSS,Housing Quality,FLOOR,Type floor in house,113116,113116
ki1000108-DSS,Assets,FRIG,Refrigerator,154373,154373
ki1000108-DSS,Sanitation,H2OSRCS,Source of sanitation water,84364,84364
ki1000108-DSS,Sanitation,LATDAILY,Latrine is used daily,153759,153759
ki1000108-DSS,Social Environment,LLPHONE,Landline phone,13631,13631
ki1000108-DSS,Social Environment,MARITAL,Marital status caregiver,154373,154373
ki1000108-DSS,Social Environment,MOBILE,Mobile phone,153364,153364
ki1000108-DSS,Social Environment,NADULT,Number of adults in the house,154373,154373
ki1000108-DSS,Social Environment,NCHLD,Number of children in the home,154373,154373
ki1000108-DSS,Social Environment,NCHLDGS,No. of children going to govt school,154363,154363
ki1000108-DSS,Social Environment,NCHLDLT5,Number of children <5 in house,153352,153352
ki1000108-DSS,Social Environment,NCHLDNS,No. of children not going to school,104875,104875
ki1000108-DSS,Social Environment,NCHLDPS,No. of children going to private school,154367,154367
ki1000108-DSS,Hygeine,NPERLAT,Total no of people who use the latrine,70187,70187
ki1000108-DSS,Social Environment,NPERSON,Number of persons in house,154373,154373
ki1000108-DSS,Housing Quality,NROOMS,Number rooms in house,154373,154373
ki1000108-DSS,Labor,OCCUP,Occupation (primary),154318,154318
ki1000108-DSS,Assets,OWNHOME,Parent owns home?,154373,154373
ki1000108-DSS,Housing Quality,ROOF,Type of roof over home,113116,113116
ki1000108-DSS,Sanitation,SANITATN,Type of sanitary facility,154373,154373
ki1000108-DSS,Housing Quality,WALL,Type walls in house,113116,113116
ki1000108-DSS,Hygeine,WASHMAC,Washing machine,154373,154373
ki1000130-DutchGrowth1980,Education,EDUCSELF,Years of education of the subject,37519,37519
ki1000130-DutchGrowth1980,Social Environment,NCHLD,Number of children in the home,47268,47268
ki1000130-DutchGrowth1997,Education,EDUCSELF,Years of education of the subject,12587,12587
ki1000130-DutchGrowth1997,Social Environment,NCHLD,Number of children in the home,19949,19949
ki1000130-DutchGrowth2010,Education,EDUCSELF,Years of education of the subject,20867,20867
ki1000131-ChinaEMI,Finances,INCTOT,Total family income,1088,1088
ki1000131-ChinaEMI,Health Care Access,MEDINS,Type of medical insurance,1870,1870
ki1000131-ChinaEMI,Social Environment,MOBILE,Mobile phone,2079,2079
ki1000131-ChinaEMI,Social Environment,NPERSON,Number of persons in house,2083,2083
ki1000201-Gansu,Social Environment,NPERSON,Number of persons in house,1468,1468
ki1000201-GuizhouHelminth,Social Environment,NCHLD,Number of children in the home,2179,2179
ki1000201-GuizhouHelminth,Social Environment,NPERSON,Number of persons in house,2179,2179
ki1000201-MHRC,Assets,WI,Wealth Index,48956,48956
ki1000302-TTBW,Social Environment,CASTE,Caste,487,487
ki1000302-TTBW,Social Environment,RURAL,Rural Household,1772,1772
ki1000302-TTBW,Social Environment,URBAN,Urban Household,1772,1772
ki1100553-CANDLE,Education,EDUCCRGV,Highest education of caregiver,1332,1332
ki1100553-CANDLE,Finances,INCTOT,Total family income,1134,1134
ki1112895-Bangladesh Rice,Assets,BICYCLE,Bicycle,544,544
ki1112895-Bangladesh Rice,Assets,CAR,Car,544,544
ki1112895-Bangladesh Rice,Vector Controls,CEILFAN,Ceiling fan,544,544
ki1112895-Bangladesh Rice,Environmental Exposure,COOKFUEL,Type of cooking fuel,544,544
ki1112895-Bangladesh Rice,Education,EDUCCRGV,Highest education of caregiver,544,544
ki1112895-Bangladesh Rice,Housing Quality,ELEC,Electricity,544,544
ki1112895-Bangladesh Rice,Housing Quality,FLOOR,Type floor in house,544,544
ki1112895-Bangladesh Rice,Assets,FRIG,Refrigerator,544,544
ki1112895-Bangladesh Rice,Social Environment,FSTR_SCR,Factor score family structure,544,544
ki1112895-Bangladesh Rice,Water,H2OSRCO,Source water other use,544,544
ki1112895-Bangladesh Rice,Water,H2OSRCP,Source drinking water,544,544
ki1112895-Bangladesh Rice,Water,H2OTRTP,Method treat drinking water,544,544
ki1112895-Bangladesh Rice,Housing Quality,HOUS_SCR,Factor score housing quality,544,544
ki1112895-Bangladesh Rice,Social Environment,LLPHONE,Landline phone,544,544
ki1112895-Bangladesh Rice,Social Environment,MARITAL,Marital status caregiver,544,544
ki1112895-Bangladesh Rice,Assets,MCYCLE,Motorcycle,544,544
ki1112895-Bangladesh Rice,Social Environment,MOBILE,Mobile phone,544,544
ki1112895-Bangladesh Rice,Social Environment,NPERSON,Number of persons in house,544,544
ki1112895-Bangladesh Rice,Housing Quality,NROOMS,Number rooms in house,544,544
ki1112895-Bangladesh Rice,Assets,POS_SCR,Factor score possessions,544,544
ki1112895-Bangladesh Rice,Assets,RADIO,Radio,544,544
ki1112895-Bangladesh Rice,Education,READ,Caregiver read,544,544
ki1112895-Bangladesh Rice,Sanitation,SANITATN,Type of sanitary facility,544,544
ki1112895-Bangladesh Rice,Assets,TV,Television,544,544
ki1112895-Bangladesh Rice,Housing Quality,WALL,Type walls in house,544,544
ki1112895-Bangladesh Rice,Education,WRITE,Caregiver write,544,544
ki1125811-Maya Guatemala USA,Finances,INCTOT,Total family income,57,57
ki1125811-Maya Guatemala USA,Social Environment,NCHLD,Number of children in the home,58,58
ki1125811-MayaDualBurden,Assets,BED,Bed,58,58
ki1125811-MayaDualBurden,Assets,BICYCLE,Bicycle,58,58
ki1125811-MayaDualBurden,Assets,CAR,Car,58,58
ki1125811-MayaDualBurden,Assets,FRIG,Refrigerator,58,58
ki1125811-MayaDualBurden,Water,H2OSRC,Water source,60,58
ki1125811-MayaDualBurden,Water,H2OTRTP,Method treat drinking water,58,58
ki1125811-MayaDualBurden,Assets,HAMMOCK,Hammock,58,58
ki1125811-MayaDualBurden,Social Environment,NADULT,Number of adults in the house,49,49
ki1125811-MayaDualBurden,Social Environment,NPERSON,Number of persons in house,49,49
ki1125811-MayaDualBurden,Social Environment,PHONE,Phone,58,58
ki1125811-MayaDualBurden,Assets,RADIO,Radio,58,58
ki1125811-MayaDualBurden,Sanitation,SANITATN,Type of sanitary facility,58,58
ki1125811-MayaDualBurden,Assets,TV,Television,58,58
ki1127337-MatlabD,Assets,AGLAND,Agricultural land,2138,2138
ki1127337-MatlabD,Assets,AGLANDSZ,Area of Agricultural land,1133,1133
ki1127337-MatlabD,Animals & Livestock,CATTLE,Cattle,1568,1568
ki1127337-MatlabD,Environmental Exposure,COOKFUEL,Type of cooking fuel,4314,2138
ki1127337-MatlabD,Animals & Livestock,COW,Cow,1569,1569
ki1127337-MatlabD,Housing Quality,ELEC,Electricity,1194,1194
ki1127337-MatlabD,Food Security,FOODDFCT,Household food deficit,2138,2138
ki1127337-MatlabD,Animals & Livestock,GOAT,Goats,1567,1567
ki1127337-MatlabD,Water,H2OSRCP,Source drinking water,2304,2138
ki1127337-MatlabD,Water,H2OTRTP,Method treat drinking water,275,243
ki1127337-MatlabD,Housing Quality,HOMESZ,Home size,2138,2138
ki1127337-MatlabD,Animals & Livestock,LVSTOCK,Livestock ownership,2138,2138
ki1127337-MatlabD,Labor,OCCUP,Occupation (primary),2138,2138
ki1127337-MatlabD,Assets,PAI,Productive Asset Index,2138,2138
ki1127337-MatlabD,Sanitation,SANITATN,Type of sanitary facility,3746,2138
ki1127337-MatlabKMC,Assets,AGLAND,Agricultural land,394,394
ki1127337-MatlabKMC,Assets,AGLANDSZ,Area of Agricultural land,394,394
ki1127337-MatlabKMC,Animals & Livestock,CATTLE,Cattle,279,279
ki1127337-MatlabKMC,Environmental Exposure,COOKFUEL,Type of cooking fuel,789,394
ki1127337-MatlabKMC,Animals & Livestock,COW,Cow,280,280
ki1127337-MatlabKMC,Housing Quality,ELEC,Electricity,189,189
ki1127337-MatlabKMC,Food Security,FOODDFCT,Household food deficit,394,394
ki1127337-MatlabKMC,Animals & Livestock,GOAT,Goats,280,280
ki1127337-MatlabKMC,Water,H2OSRCP,Source drinking water,435,394
ki1127337-MatlabKMC,Water,H2OTRTP,Method treat drinking water,46,44
ki1127337-MatlabKMC,Housing Quality,HOMESZ,Home size,394,394
ki1127337-MatlabKMC,Animals & Livestock,LVSTOCK,Livestock ownership,394,394
ki1127337-MatlabKMC,Labor,OCCUP,Occupation (primary),394,394
ki1127337-MatlabKMC,Assets,PAI,Productive Asset Index,394,394
ki1127337-MatlabKMC,Sanitation,SANITATN,Type of sanitary facility,692,394
ki1127337-MatlabN,Assets,AGLAND,Agricultural land,1336,1336
ki1127337-MatlabN,Assets,AGLANDSZ,Area of Agricultural land,1336,1336
ki1127337-MatlabN,Animals & Livestock,CATTLE,Cattle,966,966
ki1127337-MatlabN,Environmental Exposure,COOKFUEL,Type of cooking fuel,2621,1337
ki1127337-MatlabN,Animals & Livestock,COW,Cow,963,963
ki1127337-MatlabN,Housing Quality,ELEC,Electricity,785,785
ki1127337-MatlabN,Food Security,FOODDFCT,Household food deficit,1337,1337
ki1127337-MatlabN,Animals & Livestock,GOAT,Goats,966,966
ki1127337-MatlabN,Water,H2OSRCP,Source drinking water,1384,1337
ki1127337-MatlabN,Water,H2OTRTP,Method treat drinking water,201,176
ki1127337-MatlabN,Housing Quality,HOMESZ,Home size,1337,1337
ki1127337-MatlabN,Animals & Livestock,LVSTOCK,Livestock ownership,1337,1337
ki1127337-MatlabN,Labor,OCCUP,Occupation (primary),1337,1337
ki1127337-MatlabN,Assets,PAI,Productive Asset Index,1337,1337
ki1127337-MatlabN,Sanitation,SANITATN,Type of sanitary facility,2269,1337
CPP,Finances,INCTOT,Total family income,53151,53151
CPP,Social Environment,NPERSON,Number of persons in house,56109,56109
CPP,SES Summary,SEINDX,Socioeconomic Index,55934,55934
NICHD-FGS,Finances,INCMOM,Mothers Income,1992,1992
NICHD-FGS,Health Care Access,MEDINS,Type of medical insurance,2334,2334
ki0047075-MAL-ED,Assets,AGLAND,Agricultural land,7072,1961
ki0047075-MAL-ED,Assets,BICYCLE,Bicycle,7079,1961
ki0047075-MAL-ED,Education,EDUCCRGV,Highest education of caregiver,202,141
ki0047075-MAL-ED,Education,EDUCHH,Highest education head of household,4361,1374
ki0047075-MAL-ED,Housing Quality,ELEC,Electricity,7075,1961
ki0047075-MAL-ED,Vector Controls,FAN,Fan in the home,7079,1961
ki0047075-MAL-ED,Housing Quality,FLOOR,Type floor in house,7078,1961
ki0047075-MAL-ED,Assets,FRIG,Refrigerator,7079,1961
ki0047075-MAL-ED,Water,H2OSRCP,Source drinking water,7077,1961
ki0047075-MAL-ED,Finances,INCTOT,Total family income,6058,1695
ki0047075-MAL-ED,Social Environment,MOBILE,Mobile phone,7079,1961
ki0047075-MAL-ED,Housing Quality,NROOMS,Number rooms in house,7079,1961
ki0047075-MAL-ED,Social Environment,NSLEEP,Number of persons sleeping in house,7078,1961
ki0047075-MAL-ED,Housing Quality,NSLROOM,Number of sleeping rooms,7079,1961
ki0047075-MAL-ED,Assets,RADIO,Radio,7079,1961
ki0047075-MAL-ED,Sanitation,SANITATN,Type of sanitary facility,7076,1961
ki0047075-MAL-ED,Assets,TV,Television,7079,1961
ki0047075-MAL-ED,Assets,WATCH,Watch in the home,7079,1961
ki1000108-CMC-V-BCS-2002,Assets,CAR,Car,373,373
ki1000108-CMC-V-BCS-2002,Assets,CLTHCAB,Clothing cabinet in home,373,373
ki1000108-CMC-V-BCS-2002,Environmental Exposure,COOKFUEL,Type of cooking fuel,373,373
ki1000108-CMC-V-BCS-2002,Housing Quality,COOKPLAC,Place for cooking,373,373
ki1000108-CMC-V-BCS-2002,Education,EDUCCRGV,Highest education of caregiver,373,373
ki1000108-CMC-V-BCS-2002,Education,EDUCFAM,Highest Years of Education in the Family,373,373
ki1000108-CMC-V-BCS-2002,Education,EDUCHH,Highest education head of household,373,373
ki1000108-CMC-V-BCS-2002,Social Environment,FAMTYP,Family type,373,373
ki1000108-CMC-V-BCS-2002,Housing Quality,FLOOR,Type floor in house,261,261
ki1000108-CMC-V-BCS-2002,Water,H2OTRTP,Method treat drinking water,120,120
ki1000108-CMC-V-BCS-2002,Social Environment,NADULT,Number of adults in the house,373,373
ki1000108-CMC-V-BCS-2002,Social Environment,NCHLD,Number of children in the home,373,373
ki1000108-CMC-V-BCS-2002,Social Environment,NPERSON,Number of persons in house,373,373
ki1000108-CMC-V-BCS-2002,Housing Quality,NROOMS,Number rooms in house,373,373
ki1000108-CMC-V-BCS-2002,Labor,OCCUP,Occupation (primary),371,371
ki1000108-CMC-V-BCS-2002,Assets,OWNHOME,Parent owns home?,373,373
ki1000108-CMC-V-BCS-2002,Housing Quality,ROOF,Type of roof over home,261,261
ki1000108-CMC-V-BCS-2002,Assets,TAPEREC,Tape Recorder,373,373
ki1000108-CMC-V-BCS-2002,Assets,TV,Television,373,373
ki1000108-CMC-V-BCS-2002,Housing Quality,WALL,Type walls in house,261,261
ki1000108-IRC,Assets,CAR,Car,381,381
ki1000108-IRC,Assets,CLTHCAB,Clothing cabinet in home,410,410
ki1000108-IRC,Environmental Exposure,COOKFUEL,Type of cooking fuel,410,410
ki1000108-IRC,Housing Quality,COOKPLAC,Place for cooking,410,410
ki1000108-IRC,Education,EDUCCRGV,Highest education of caregiver,410,410
ki1000108-IRC,Education,EDUCFAM,Highest Years of Education in the Family,410,410
ki1000108-IRC,Education,EDUCHH,Highest education head of household,410,410
ki1000108-IRC,Social Environment,FAMTYP,Family type,410,410
ki1000108-IRC,Housing Quality,FLOOR,Type floor in house,306,306
ki1000108-IRC,Water,H2OTRTP,Method treat drinking water,122,122
ki1000108-IRC,Social Environment,LLPHONE,Landline phone,179,179
ki1000108-IRC,Social Environment,MOBILE,Mobile phone,386,386
ki1000108-IRC,Social Environment,NADULT,Number of adults in the house,410,410
ki1000108-IRC,Social Environment,NCHLD,Number of children in the home,410,410
ki1000108-IRC,Social Environment,NCHLDLT5,Number of children <5 in house,410,410
ki1000108-IRC,Social Environment,NPERSON,Number of persons in house,410,410
ki1000108-IRC,Housing Quality,NROOMS,Number rooms in house,410,410
ki1000108-IRC,Labor,OCCUP,Occupation (primary),410,410
ki1000108-IRC,Assets,OWNHOME,Parent owns home?,410,410
ki1000108-IRC,Housing Quality,ROOF,Type of roof over home,306,306
ki1000108-IRC,Assets,TAPEREC,Tape Recorder,410,410
ki1000108-IRC,Assets,TV,Television,410,410
ki1000108-IRC,Housing Quality,WALL,Type walls in house,306,306
ki1000108-TDC,Assets,CAR,Car,148,148
ki1000108-TDC,Assets,CLTHCAB,Clothing cabinet in home,160,160
ki1000108-TDC,Environmental Exposure,COOKFUEL,Type of cooking fuel,160,160
ki1000108-TDC,Housing Quality,COOKPLAC,Place for cooking,160,160
ki1000108-TDC,Social Environment,FAMTYP,Family type,160,160
ki1000108-TDC,Vector Controls,FAN,Fan in the home,160,160
ki1000108-TDC,Housing Quality,FLOOR,Type floor in house,124,124
ki1000108-TDC,Water,H2OTRTP,Method treat drinking water,38,38
ki1000108-TDC,Social Environment,LLPHONE,Landline phone,84,84
ki1000108-TDC,Social Environment,MOBILE,Mobile phone,159,159
ki1000108-TDC,Social Environment,NADULT,Number of adults in the house,160,160
ki1000108-TDC,Social Environment,NCHLD,Number of children in the home,160,160
ki1000108-TDC,Social Environment,NPERSON,Number of persons in house,160,160
ki1000108-TDC,Housing Quality,NROOMS,Number rooms in house,160,160
ki1000108-TDC,Assets,OWNHOME,Parent owns home?,160,160
ki1000108-TDC,Housing Quality,ROOF,Type of roof over home,124,124
ki1000108-TDC,Assets,TAPEREC,Tape Recorder,160,160
ki1000108-TDC,Assets,TV,Television,160,160
ki1000108-TDC,Housing Quality,WALL,Type walls in house,124,124
ki1000109-EE,Education,EDUCCRGV,Highest education of caregiver,380,380
ki1000110-WASH-Bangladesh,Assets,AGLAND,Agricultural land,5583,5583
ki1000110-WASH-Bangladesh,Assets,AGLANDSZ,Area of Agricultural land,5288,5288
ki1000110-WASH-Bangladesh,Assets,BICYCLE,Bicycle,5583,5583
ki1000110-WASH-Bangladesh,Assets,CHAIR,Chair in the home,5583,5583
ki1000110-WASH-Bangladesh,Assets,CLTHCAB,Clothing cabinet in home,5583,5583
ki1000110-WASH-Bangladesh,Assets,COT,Cot in the home,5583,5583
ki1000110-WASH-Bangladesh,Housing Quality,ELEC,Electricity,5583,5583
ki1000110-WASH-Bangladesh,Food Security,FINSCAT,HFIAS food insecurity category,5583,5583
ki1000110-WASH-Bangladesh,Food Security,FINSSCR,HFIAs food insecurity score,5583,5583
ki1000110-WASH-Bangladesh,Housing Quality,FLOOR,Type floor in house,5583,5583
ki1000110-WASH-Bangladesh,Assets,FRIG,Refrigerator,5583,5583
ki1000110-WASH-Bangladesh,Water,H2OSRC,Water source,5583,5583
ki1000110-WASH-Bangladesh,Water,H2OSTORE,Drinking stored water,5583,5583
ki1000110-WASH-Bangladesh,Water,H2OTIME,Time to retrieve water,5583,5583
ki1000110-WASH-Bangladesh,Hygeine,HWSHLOCK,Handwashing Location  (Kitchen),551,551
ki1000110-WASH-Bangladesh,Hygeine,HWSHLOCL,Handwashing Location (Latrine),637,637
ki1000110-WASH-Bangladesh,Hygeine,HWSHLOCP,Handwashing Location (Primary),4809,4809
ki1000110-WASH-Bangladesh,Social Environment,LLPHONE,Landline phone,5581,5581
ki1000110-WASH-Bangladesh,Assets,MCYCLE,Motorcycle,5583,5583
ki1000110-WASH-Bangladesh,Social Environment,MOBILE,Mobile phone,5583,5583
ki1000110-WASH-Bangladesh,Social Environment,NCHLD,Number of children in the home,5583,5583
ki1000110-WASH-Bangladesh,Social Environment,NCOMP,Total individuals in compound,5583,5583
ki1000110-WASH-Bangladesh,Social Environment,NPERSON,Number of persons in house,5583,5583
ki1000110-WASH-Bangladesh,Assets,RADIO,Radio,5583,5583
ki1000110-WASH-Bangladesh,Housing Quality,ROOF,Type of roof over home,5583,5583
ki1000110-WASH-Bangladesh,Sanitation,SANITATN,Type of sanitary facility,5209,5209
ki1000110-WASH-Bangladesh,Assets,SEWING,Sewing machine,5583,5583
ki1000110-WASH-Bangladesh,Assets,TABLE,Table in the home,5583,5583
ki1000110-WASH-Bangladesh,Assets,TV,Television,5583,5583
ki1000110-WASH-Bangladesh,Housing Quality,WALL,Type walls in house,5583,5583
ki1000110-WASH-Bangladesh,Assets,WATCH,Watch in the home,2707,2707
ki1000111-WASH-Kenya,Assets,BICYCLE,Bicycle,13203,13203
ki1000111-WASH-Kenya,Assets,CAR,Car,13203,13203
ki1000111-WASH-Kenya,Animals & Livestock,CHICKEN,Chickens,13078,13078
ki1000111-WASH-Kenya,Environmental Exposure,COOKFUEL,Type of cooking fuel,13203,13203
ki1000111-WASH-Kenya,Animals & Livestock,COW,Cow,13198,13198
ki1000111-WASH-Kenya,Animals & Livestock,DOGS,Dogs,13200,13200
ki1000111-WASH-Kenya,Housing Quality,ELEC,Electricity,13203,13203
ki1000111-WASH-Kenya,Housing Quality,FLOOR,Type floor in house,13194,13194
ki1000111-WASH-Kenya,Animals & Livestock,GOAT,Goats,13203,13203
ki1000111-WASH-Kenya,Water,H2OTIME,Time to retrieve water,13108,13108
ki1000111-WASH-Kenya,Food Security,HUNGER,Presence of hunger,13179,13179
ki1000111-WASH-Kenya,Assets,MCYCLE,Motorcycle,13203,13203
ki1000111-WASH-Kenya,Social Environment,MOBILE,Mobile phone,13203,13203
ki1000111-WASH-Kenya,Social Environment,NCOMP,Total individuals in compound,13215,13215
ki1000111-WASH-Kenya,Assets,RADIO,Radio,13203,13203
ki1000111-WASH-Kenya,Housing Quality,ROOF,Type of roof over home,13211,13211
ki1000111-WASH-Kenya,Sanitation,SANITATN,Type of sanitary facility,11328,11328
ki1000111-WASH-Kenya,Assets,STOVE,Stove,13203,13203
ki1000111-WASH-Kenya,Assets,TV,Television,13203,13203
ki1000111-WASH-Kenya,Housing Quality,WALL,Type walls in house,13211,13211
ki1000111-WASH-Kenya,Assets,WATCH,Watch in the home,13203,13203
ki1000117-Detroit-Longitudinal,Social Environment,CRWDINDX,Crowding index,608,367
ki1000117-Detroit-Longitudinal,Education,EDUCCRGV,Highest education of caregiver,1511,481
ki1000117-Detroit-Longitudinal,SES Summary,HOLLINGS,Hollingshead Index of SES,1029,462
ki1000117-Detroit-Longitudinal,Finances,INCTOT,Total family income,268,268
ki1000117-Detroit-Longitudinal,Social Environment,MARITAL,Marital status caregiver,1475,481
ki1000125-AgaKhanUniv,Animals & Livestock,ANIMALS,Other animals,687,687
ki1000125-AgaKhanUniv,Assets,BICYCLE,Bicycle,687,687
ki1000125-AgaKhanUniv,Assets,CAR,Car,687,687
ki1000125-AgaKhanUniv,Assets,CART,Cart (animal pulled),687,687
ki1000125-AgaKhanUniv,Animals & Livestock,CATTLE,Cattle,399,399
ki1000125-AgaKhanUniv,Vector Controls,CEILFAN,Ceiling fan,687,687
ki1000125-AgaKhanUniv,Environmental Exposure,COOKFUEL,Type of cooking fuel,687,687
ki1000125-AgaKhanUniv,Animals & Livestock,COW,Cow,399,399
ki1000125-AgaKhanUniv,Sanitation,DRAIN,Open drain beside the home,686,686
ki1000125-AgaKhanUniv,Housing Quality,ELEC,Electricity,684,684
ki1000125-AgaKhanUniv,Assets,FRIG,Refrigerator,687,687
ki1000125-AgaKhanUniv,Animals & Livestock,GOAT,Goats,385,385
ki1000125-AgaKhanUniv,Water,H2OSRC,Water source,687,687
ki1000125-AgaKhanUniv,Sanitation,HOMESWR,Sewage near home,686,686
ki1000125-AgaKhanUniv,Assets,LANTERN,Lantern,684,684
ki1000125-AgaKhanUniv,Assets,MCYCLE,Motorcycle,687,687
ki1000125-AgaKhanUniv,Housing Quality,NROOMS,Number rooms in house,687,687
ki1000125-AgaKhanUniv,Social Environment,PHONE,Phone,687,687
ki1000125-AgaKhanUniv,Assets,RADIO,Radio,687,687
ki1000125-AgaKhanUniv,Sanitation,SANITATN,Type of sanitary facility,687,687
ki1000125-AgaKhanUniv,Assets,SEWING,Sewing machine,687,687
ki1000125-AgaKhanUniv,Animals & Livestock,SHEEP,Sheep,385,385
ki1000125-AgaKhanUniv,Assets,TV,Television,687,687
ki1000125-AgaKhanUniv,Hygeine,WASHMAC,Washing machine,687,687
ki1000145-BIGCS Ultrasound,Finances,INCMOM,Mothers Income,2730,2730
ki1000153-HealthyStart,Finances,INCTOT,Total family income,1313,1313
ki1000153-HealthyStart,Social Environment,INTERNET,Internet,1403,1403
ki1000153-HealthyStart,Social Environment,NPERSON,Number of persons in house,1408,1408
ki1000162-Bogalusa,Water,H2OSRC,Water source,3503,3503
ki1000301-DIVIDS,Assets,BED,Bed,2100,2100
ki1000301-DIVIDS,Assets,BICYCLE,Bicycle,2100,2100
ki1000301-DIVIDS,Assets,CAR,Car,2100,2100
ki1000301-DIVIDS,Social Environment,CAREGVR,Caregiver of the child,2099,2099
ki1000301-DIVIDS,Assets,CHAIR,Chair in the home,2100,2100
ki1000301-DIVIDS,Environmental Exposure,COOKFUEL,Type of cooking fuel,2100,2100
ki1000301-DIVIDS,Social Environment,FAMTYP,Family type,2100,2100
ki1000301-DIVIDS,Vector Controls,FAN,Fan in the home,2100,2100
ki1000301-DIVIDS,Assets,FRIG,Refrigerator,2100,2100
ki1000301-DIVIDS,Water,H2OSRC,Water source,2100,2100
ki1000301-DIVIDS,Housing Quality,HOMETYPE,Type of home construction,2100,2100
ki1000301-DIVIDS,Finances,INCDAD,Fathers income,2100,2100
ki1000301-DIVIDS,Finances,INCMOM,Mothers Income,2100,2100
ki1000301-DIVIDS,Finances,INCTOT,Total family income,2100,2100
ki1000301-DIVIDS,Housing Quality,KITCHDSC,Kitchen description,2100,2100
ki1000301-DIVIDS,Assets,MCYCLE,Motorcycle,2100,2100
ki1000301-DIVIDS,Social Environment,NADULT,Number of adults in the house,2100,2100
ki1000301-DIVIDS,Housing Quality,NBEDROOM,Number of bedrooms,2100,2100
ki1000301-DIVIDS,Social Environment,NCHLD,Number of children in the home,2100,2100
ki1000301-DIVIDS,Social Environment,NPERSON,Number of persons in house,2100,2100
ki1000301-DIVIDS,Social Environment,PHONE,Phone,2100,2100
ki1000301-DIVIDS,Water,PUMP,Irrigation pumps,2100,2100
ki1000301-DIVIDS,Assets,RADIO,Radio,2100,2100
ki1000301-DIVIDS,Sanitation,SANITATN,Type of sanitary facility,2100,2100
ki1000301-DIVIDS,Assets,SEWING,Sewing machine,2100,2100
ki1000301-DIVIDS,Assets,TABLE,Table in the home,2100,2100
ki1000301-DIVIDS,Assets,TV,Television,2100,2100
ki1000301-DIVIDS,Assets,WATCH,Watch in the home,2100,2100
ki1000303-BtS,Assets,AGLANDSZ,Area of Agricultural land,594,594
ki1000303-BtS,Assets,CART,Cart (animal pulled),361,361
ki1000303-BtS,Finances,INCTOT,Total family income,594,594
ki1000303-BtS,Animals & Livestock,LVSTOCK,Livestock ownership,582,582
ki1000303-BtS,Social Environment,NPERSON,Number of persons in house,586,586
ki1000303-BtS,Housing Quality,NTRLGAS,Has natural gas in home,361,361
ki1000303-BtS,Water,PUMP,Irrigation pumps,361,361
ki1000303-BtS,Assets,THRESHER,Thresher,361,361
ki1000303-BtS,Assets,TRACTOR,Tractor,361,361
ki1000303-BtS,Water,TUBEWELL,Tubewell,360,360
ki1000304-EU,Social Environment,FAMTYP,Family type,2482,2482
ki1000304-EU,Finances,INCTOT,Total family income,2481,2481
ki1000304-EU,Social Environment,NPERSON,Number of persons in house,2482,2482
ki1000304-NEOVITA,Assets,BICYCLE,Bicycle,44982,44982
ki1000304-NEOVITA,Assets,CAR,Car,44982,44982
ki1000304-NEOVITA,Assets,CART,Cart (animal pulled),44982,44982
ki1000304-NEOVITA,Assets,CHAIR,Chair in the home,44982,44982
ki1000304-NEOVITA,Social Environment,COMPUTER,Computer,44982,44982
ki1000304-NEOVITA,Environmental Exposure,COOKFUEL,Type of cooking fuel,44982,44982
ki1000304-NEOVITA,Assets,COT,Cot in the home,44982,44982
ki1000304-NEOVITA,Housing Quality,ELEC,Electricity,44982,44982
ki1000304-NEOVITA,Vector Controls,FAN,Fan in the home,44982,44982
ki1000304-NEOVITA,Housing Quality,FLOOR,Type floor in house,44982,44982
ki1000304-NEOVITA,Assets,FRIG,Refrigerator,44982,44982
ki1000304-NEOVITA,Water,H2OSRCP,Source drinking water,44982,44982
ki1000304-NEOVITA,Social Environment,LLPHONE,Landline phone,44982,44982
ki1000304-NEOVITA,Assets,MATTRESS,Mattress,44982,44982
ki1000304-NEOVITA,Assets,MCYCLE,Motorcycle,44982,44982
ki1000304-NEOVITA,Social Environment,MOBILE,Mobile phone,44982,44982
ki1000304-NEOVITA,Social Environment,NCHLD,Number of children in the home,44982,44982
ki1000304-NEOVITA,Assets,OWNHOME,Parent owns home?,44982,44982
ki1000304-NEOVITA,Water,PUMP,Irrigation pumps,44982,44982
ki1000304-NEOVITA,Assets,RADIO,Radio,44982,44982
ki1000304-NEOVITA,Housing Quality,ROOF,Type of roof over home,44982,44982
ki1000304-NEOVITA,Sanitation,SANITATN,Type of sanitary facility,44982,44982
ki1000304-NEOVITA,Assets,SEWING,Sewing machine,44982,44982
ki1000304-NEOVITA,Assets,TABLE,Table in the home,44982,44982
ki1000304-NEOVITA,Assets,THRESHER,Thresher,44982,44982
ki1000304-NEOVITA,Assets,TRACTOR,Tractor,44982,44982
ki1000304-NEOVITA,Assets,TV,Television,44982,44982
ki1000304-NEOVITA,Housing Quality,WALL,Type walls in house,44982,44982
ki1000304-NEOVITA,Assets,WATCH,Watch in the home,44982,44982
ki1000304-ZnMort,Water,H2OSRC,Water source,79391,79391
ki1000304-ZnMort,Social Environment,NPERSON,Number of persons in house,94359,94359
ki1000304-ZnMort,Housing Quality,NROOMS,Number rooms in house,92586,92586
ki1000304-ZnMort,Sanitation,SANITATN,Type of sanitary facility,94359,94359
ki1000304-ZnMort,Assets,TV,Television,94359,94359
ki1000304b-SAS-CompFeed,Assets,AGLAND,Agricultural land,1535,1535
ki1000304b-SAS-CompFeed,Assets,BED,Bed,841,841
ki1000304b-SAS-CompFeed,Assets,CHAIR,Chair in the home,841,841
ki1000304b-SAS-CompFeed,Social Environment,FAMTYP,Family type,1535,1535
ki1000304b-SAS-CompFeed,Finances,INCTOT,Total family income,1535,1535
ki1000304b-SAS-FoodSuppl,Social Environment,FAMTYP,Family type,418,418
ki1000304b-SAS-FoodSuppl,Water,H2OSRC,Water source,418,418
ki1000304b-SAS-FoodSuppl,Finances,INCTOT,Total family income,418,418
ki1000304b-SAS-FoodSuppl,Social Environment,NPERSON,Number of persons in house,418,418
ki1000304b-SAS-FoodSuppl,Sanitation,SANITATN,Type of sanitary facility,418,418
ki1000304b-ZincInf,Water,H2OSRCP,Source drinking water,374,374
ki1000304b-ZincInf,Social Environment,NCHLDLT5,Number of children <5 in house,374,374
ki1000304b-ZincInf,Social Environment,NPERSON,Number of persons in house,374,374
ki1000304b-ZincInf,Sanitation,SANITATN,Type of sanitary facility,374,374
ki1000304c-IMNCI,Assets,AGLANDSZ,Area of Agricultural land,25504,25504
ki1000304c-IMNCI,Assets,BED,Bed,61704,61704
ki1000304c-IMNCI,Assets,BICYCLE,Bicycle,61704,61704
ki1000304c-IMNCI,Assets,CAR,Car,61704,61704
ki1000304c-IMNCI,Assets,CART,Cart (animal pulled),61704,61704
ki1000304c-IMNCI,Assets,CHAIR,Chair in the home,61704,61704
ki1000304c-IMNCI,Social Environment,COMPUTER,Computer,61704,61704
ki1000304c-IMNCI,Environmental Exposure,COOKFUEL,Type of cooking fuel,61424,61424
ki1000304c-IMNCI,Housing Quality,ELEC,Electricity,61704,61704
ki1000304c-IMNCI,Vector Controls,FAN,Fan in the home,61704,61704
ki1000304c-IMNCI,Housing Quality,FLOOR,Type floor in house,61574,61574
ki1000304c-IMNCI,Assets,FRIG,Refrigerator,61704,61704
ki1000304c-IMNCI,Water,H2OSRCP,Source drinking water,58426,58426
ki1000304c-IMNCI,Finances,INCTOT,Total family income,61704,61704
ki1000304c-IMNCI,Social Environment,LLPHONE,Landline phone,61704,61704
ki1000304c-IMNCI,Assets,MCYCLE,Motorcycle,61704,61704
ki1000304c-IMNCI,Social Environment,MOBILE,Mobile phone,61704,61704
ki1000304c-IMNCI,Housing Quality,NROOMS,Number rooms in house,61704,61704
ki1000304c-IMNCI,Social Environment,NSLEEP,Number of persons sleeping in house,61704,61704
ki1000304c-IMNCI,Water,PUMP,Irrigation pumps,61704,61704
ki1000304c-IMNCI,Assets,RADIO,Radio,61704,61704
ki1000304c-IMNCI,Housing Quality,ROOF,Type of roof over home,13254,13254
ki1000304c-IMNCI,Sanitation,SANITATN,Type of sanitary facility,61605,61605
ki1000304c-IMNCI,Assets,SEWING,Sewing machine,61704,61704
ki1000304c-IMNCI,Assets,THRESHER,Thresher,61704,61704
ki1000304c-IMNCI,Assets,TRACTOR,Tractor,61704,61704
ki1000304c-IMNCI,Water,TUBEWELL,Tubewell,61704,61704
ki1000304c-IMNCI,Assets,TV,Television,61704,61704
ki1000304c-IMNCI,Housing Quality,WALL,Type walls in house,61526,61526
ki1000304c-IMNCI,Assets,WATCH,Watch in the home,61704,61704
ki1017093-NIH-Birth,Housing Quality,BEDRMDSC,Bedroom description,155,155
ki1017093-NIH-Birth,Assets,BENCH,Bench in the home,629,629
ki1017093-NIH-Birth,Assets,BICYCLE,Bicycle,629,629
ki1017093-NIH-Birth,Assets,CHAIR,Chair in the home,629,629
ki1017093-NIH-Birth,Animals & Livestock,CHICKEN,Chickens,13,13
ki1017093-NIH-Birth,Assets,CLTHCAB,Clothing cabinet in home,629,629
ki1017093-NIH-Birth,Assets,COT,Cot in the home,629,629
ki1017093-NIH-Birth,Animals & Livestock,COW,Cow,1,1
ki1017093-NIH-Birth,Animals & Livestock,DOGS,Dogs,7,7
ki1017093-NIH-Birth,Housing Quality,ELEC,Electricity,629,629
ki1017093-NIH-Birth,Vector Controls,FAN,Fan in the home,629,629
ki1017093-NIH-Birth,Housing Quality,FLOOR,Type floor in house,629,629
ki1017093-NIH-Birth,Hygeine,FOODCOVR,Stored food is covered,629,629
ki1017093-NIH-Birth,Food Security,FOODDFCT,Household food deficit,629,629
ki1017093-NIH-Birth,Animals & Livestock,GOAT,Goats,15,15
ki1017093-NIH-Birth,Water,H2OCOVER,Stored drinking water is covered,629,629
ki1017093-NIH-Birth,Water,H2OFREQ,Frequency of water retrieval,629,629
ki1017093-NIH-Birth,Water,H2OSRC,Water source,629,629
ki1017093-NIH-Birth,Hygeine,H2OSRCB,Source of bathing water,629,629
ki1017093-NIH-Birth,Water,H2OSRCC,Source of cooking water,629,629
ki1017093-NIH-Birth,Hygeine,H2OSRCK,Source for washing kitchen utensils,629,629
ki1017093-NIH-Birth,Water,H2OSRCO,Source water other use,629,629
ki1017093-NIH-Birth,Water,H2OSRCP,Source drinking water,629,629
ki1017093-NIH-Birth,Hygeine,H2OSRCWB,Source for handwashing for bottle clean,629,629
ki1017093-NIH-Birth,Hygeine,H2OSRCWD,Source for handwashing for defecation,629,629
ki1017093-NIH-Birth,Hygeine,H2OSRCWE,Source for handwashing for eating,629,629
ki1017093-NIH-Birth,Hygeine,H2OSRCWF,Source for handwashing for feeding child,629,629
ki1017093-NIH-Birth,Water,H2OSTORE,Drinking stored water,629,629
ki1017093-NIH-Birth,Finances,INCTOT,Total family income,629,629
ki1017093-NIH-Birth,Housing Quality,KITCHDSC,Kitchen description,228,228
ki1017093-NIH-Birth,Assets,MCYCLE,Motorcycle,629,629
ki1017093-NIH-Birth,Hygeine,NFTLATR,Num persons covering feet at latrine,629,629
ki1017093-NIH-Birth,Social Environment,NPERSON,Number of persons in house,629,629
ki1017093-NIH-Birth,Housing Quality,NTRLGAS,Has natural gas in home,629,629
ki1017093-NIH-Birth,Housing Quality,NWINDOW,Number of windows in home,629,629
ki1017093-NIH-Birth,Social Environment,PHONE,Phone,629,629
ki1017093-NIH-Birth,Assets,RADIO,Radio,629,629
ki1017093-NIH-Birth,Housing Quality,ROOF,Type of roof over home,629,629
ki1017093-NIH-Birth,Sanitation,SANITATN,Type of sanitary facility,629,629
ki1017093-NIH-Birth,Assets,SEWING,Sewing machine,629,629
ki1017093-NIH-Birth,Assets,TABLE,Table in the home,629,629
ki1017093-NIH-Birth,Assets,TV,Television,629,629
ki1017093-NIH-Birth,Housing Quality,WALL,Type walls in house,629,629
ki1017093-NIH-Birth,Hygeine,WASHBOTL,Wash hands cleaning childs bottle,629,629
ki1017093-NIH-Birth,Hygeine,WASHDEFC,Wash hands after defecation,629,629
ki1017093-NIH-Birth,Hygeine,WASHEAT,Wash hands prior to eating,629,629
ki1017093-NIH-Birth,Hygeine,WASHNURS,Wash hands prior to nursing,629,629
ki1017093-NIH-Birth,Assets,WATCH,Watch in the home,629,629
ki1017093-NIH-Preschool,Animals & Livestock,CATS,Cats,4,4
ki1017093-NIH-Preschool,Animals & Livestock,CHICKEN,Chickens,16,16
ki1017093-NIH-Preschool,Labor,CHLDWORK,Child works outside the home,191,191
ki1017093-NIH-Preschool,Animals & Livestock,DOGS,Dogs,1,1
ki1017093-NIH-Preschool,Education,DRAWING,Child draws,191,191
ki1017093-NIH-Preschool,Housing Quality,FLOOR,Type floor in house,275,275
ki1017093-NIH-Preschool,Animals & Livestock,GOAT,Goats,18,18
ki1017093-NIH-Preschool,Water,H2OSAVE,Save water,260,260
ki1017093-NIH-Preschool,Hygeine,H2OSRCB,Source of bathing water,275,275
ki1017093-NIH-Preschool,Water,H2OSRCC,Source of cooking water,275,275
ki1017093-NIH-Preschool,Water,H2OSRCO,Source water other use,275,275
ki1017093-NIH-Preschool,Water,H2OSRCP,Source drinking water,275,275
ki1017093-NIH-Preschool,Hygeine,H2OSRCWF,Source for handwashing for feeding child,275,275
ki1017093-NIH-Preschool,Finances,INCTOT,Total family income,191,191
ki1017093-NIH-Preschool,Education,MUSIC,Child plays music,191,191
ki1017093-NIH-Preschool,Social Environment,NPERSON,Number of persons in house,275,275
ki1017093-NIH-Preschool,Housing Quality,NWINDOW,Number of windows in home,275,275
ki1017093-NIH-Preschool,Assets,RADIO,Radio,191,191
ki1017093-NIH-Preschool,Sanitation,SANITATN,Type of sanitary facility,275,275
ki1017093-NIH-Preschool,Social Environment,SPORTS,Child participates in sports,191,191
ki1017093-NIH-Preschool,Assets,TV,Television,191,191
ki1017093-NIH-Preschool,Housing Quality,WALL,Type walls in house,254,254
ki1017093b-PROVIDE,Assets,BED,Bed,1204,700
ki1017093b-PROVIDE,Assets,BENCH,Bench in the home,1204,700
ki1017093b-PROVIDE,Assets,BICYCLE,Bicycle,1204,700
ki1017093b-PROVIDE,Vector Controls,CEILFAN,Ceiling fan,1204,700
ki1017093b-PROVIDE,Assets,CHAIR,Chair in the home,1204,700
ki1017093b-PROVIDE,Assets,CLTHCAB,Clothing cabinet in home,1204,700
ki1017093b-PROVIDE,Environmental Exposure,COOKFUEL,Type of cooking fuel,1204,700
ki1017093b-PROVIDE,Housing Quality,COOKPLAC,Place for cooking,1204,700
ki1017093b-PROVIDE,Sanitation,DRAIN,Open drain beside the home,1204,700
ki1017093b-PROVIDE,Housing Quality,ELEC,Electricity,1204,700
ki1017093b-PROVIDE,Finances,EXPENSE,Household Expense,1204,700
ki1017093b-PROVIDE,Social Environment,FAMTYP,Family type,1204,700
ki1017093b-PROVIDE,Housing Quality,FLOOR,Type floor in house,1204,700
ki1017093b-PROVIDE,Food Security,FOODDFCT,Household food deficit,1204,700
ki1017093b-PROVIDE,Water,H20SRCAN,Source of water for washing animals,1204,700
ki1017093b-PROVIDE,Water,H2OSRCP,Source drinking water,1204,700
ki1017093b-PROVIDE,Hygeine,H2OSRCWB,Source for handwashing for bottle clean,1204,700
ki1017093b-PROVIDE,Hygeine,H2OSRCWD,Source for handwashing for defecation,1204,700
ki1017093b-PROVIDE,Hygeine,H2OSRCWE,Source for handwashing for eating,1204,700
ki1017093b-PROVIDE,Water,H2OTRTP,Method treat drinking water,1204,700
ki1017093b-PROVIDE,Social Environment,HHDOM,Domesitc worker in the household,1204,700
ki1017093b-PROVIDE,Social Environment,HOMEYRS,Years living in the home,1204,700
ki1017093b-PROVIDE,Finances,INCTOT,Total family income,1204,700
ki1017093b-PROVIDE,Assets,MCYCLE,Motorcycle,1204,700
ki1017093b-PROVIDE,Hygeine,NAILCUT,Nail cutting,1204,700
ki1017093b-PROVIDE,Social Environment,NCHLDLT5,Number of children <5 in house,1204,700
ki1017093b-PROVIDE,Social Environment,NPERSON,Number of persons in house,1204,700
ki1017093b-PROVIDE,Housing Quality,NROOMS,Number rooms in house,1204,700
ki1017093b-PROVIDE,Social Environment,NSLEEP,Number of persons sleeping in house,1204,700
ki1017093b-PROVIDE,Housing Quality,NTRLGAS,Has natural gas in home,1204,700
ki1017093b-PROVIDE,Assets,OWNHOME,Parent owns home?,1204,700
ki1017093b-PROVIDE,Social Environment,PHONE,Phone,1204,700
ki1017093b-PROVIDE,Assets,RADIO,Radio,1204,700
ki1017093b-PROVIDE,Education,READNEWS,Caregiver reads newspaper?,1204,700
ki1017093b-PROVIDE,Housing Quality,ROOF,Type of roof over home,1204,700
ki1017093b-PROVIDE,Sanitation,SANITATN,Type of sanitary facility,1204,700
ki1017093b-PROVIDE,Sanitation,SANSHR,Shared sanitation facility?,1204,700
ki1017093b-PROVIDE,Assets,SEWING,Sewing machine,1204,700
ki1017093b-PROVIDE,Assets,TABLE,Table in the home,1204,700
ki1017093b-PROVIDE,Assets,TV,Television,1204,700
ki1017093b-PROVIDE,Housing Quality,WALL,Type walls in house,1204,700
ki1017093b-PROVIDE,Hygeine,WASHANIM,Wash hands after handling animals,1204,700
ki1017093b-PROVIDE,Hygeine,WASHBOTL,Wash hands cleaning childs bottle,1204,700
ki1017093b-PROVIDE,Hygeine,WASHDEFC,Wash hands after defecation,1204,700
ki1017093b-PROVIDE,Hygeine,WASHEAT,Wash hands prior to eating,1204,700
ki1017093b-PROVIDE,Assets,WATCH,Watch in the home,1204,700
ki1017093c-NIH-Crypto,Assets,BENCH,Bench in the home,758,758
ki1017093c-NIH-Crypto,Assets,BICYCLE,Bicycle,758,758
ki1017093c-NIH-Crypto,Assets,CHAIR,Chair in the home,758,758
ki1017093c-NIH-Crypto,Assets,CLTHCAB,Clothing cabinet in home,758,758
ki1017093c-NIH-Crypto,Environmental Exposure,COOKFUEL,Type of cooking fuel,601,601
ki1017093c-NIH-Crypto,Housing Quality,COOKPLAC,Place for cooking,758,758
ki1017093c-NIH-Crypto,Assets,COT,Cot in the home,758,758
ki1017093c-NIH-Crypto,Sanitation,DRAIN,Open drain beside the home,758,758
ki1017093c-NIH-Crypto,Housing Quality,ELEC,Electricity,758,758
ki1017093c-NIH-Crypto,Finances,EXPENSE,Household Expense,758,758
ki1017093c-NIH-Crypto,Social Environment,FAMTYP,Family type,758,758
ki1017093c-NIH-Crypto,Vector Controls,FAN,Fan in the home,758,758
ki1017093c-NIH-Crypto,Housing Quality,FLOOR,Type floor in house,758,758
ki1017093c-NIH-Crypto,Food Security,FOODDFCT,Household food deficit,758,758
ki1017093c-NIH-Crypto,Water,H2OSRC,Water source,758,758
ki1017093c-NIH-Crypto,Water,H2OSRCC,Source of cooking water,758,758
ki1017093c-NIH-Crypto,Water,H2OTRTP,Method treat drinking water,758,758
ki1017093c-NIH-Crypto,Social Environment,HHDOM,Domesitc worker in the household,758,758
ki1017093c-NIH-Crypto,Social Environment,HOMEYRS,Years living in the home,758,758
ki1017093c-NIH-Crypto,Finances,INCMOM,Mothers Income,758,758
ki1017093c-NIH-Crypto,Finances,INCTOT,Total family income,758,758
ki1017093c-NIH-Crypto,Assets,MCYCLE,Motorcycle,758,758
ki1017093c-NIH-Crypto,Social Environment,MOBILE,Mobile phone,758,758
ki1017093c-NIH-Crypto,Hygeine,NAILCUT,Nail cutting,758,758
ki1017093c-NIH-Crypto,Social Environment,NCHLD,Number of children in the home,758,758
ki1017093c-NIH-Crypto,Social Environment,NCHLDLT5,Number of children <5 in house,758,758
ki1017093c-NIH-Crypto,Social Environment,NPERSON,Number of persons in house,758,758
ki1017093c-NIH-Crypto,Housing Quality,NROOMS,Number rooms in house,758,758
ki1017093c-NIH-Crypto,Social Environment,NSLEEP,Number of persons sleeping in house,758,758
ki1017093c-NIH-Crypto,Assets,OWNHOME,Parent owns home?,758,758
ki1017093c-NIH-Crypto,Assets,RADIO,Radio,758,758
ki1017093c-NIH-Crypto,Education,READNEWS,Caregiver reads newspaper?,758,758
ki1017093c-NIH-Crypto,Housing Quality,ROOF,Type of roof over home,758,758
ki1017093c-NIH-Crypto,Sanitation,SANITATN,Type of sanitary facility,747,747
ki1017093c-NIH-Crypto,Sanitation,SANSHR,Shared sanitation facility?,758,758
ki1017093c-NIH-Crypto,Assets,SEWING,Sewing machine,758,758
ki1017093c-NIH-Crypto,Assets,TABLE,Table in the home,758,758
ki1017093c-NIH-Crypto,Assets,TV,Television,758,758
ki1017093c-NIH-Crypto,Housing Quality,WALL,Type walls in house,758,758
ki1017093c-NIH-Crypto,Hygeine,WASHBOTL,Wash hands cleaning childs bottle,758,758
ki1017093c-NIH-Crypto,Hygeine,WASHDEFC,Wash hands after defecation,758,758
ki1017093c-NIH-Crypto,Hygeine,WASHEAT,Wash hands prior to eating,758,758
ki1017093c-NIH-Crypto,Hygeine,WASHTYPE,Method of hand washing,758,758
ki1017093c-NIH-Crypto,Assets,WATCH,Watch in the home,758,758
ki1066203-TanzaniaChild2,Vector Controls,FAN,Fan in the home,2383,2383
ki1066203-TanzaniaChild2,Assets,FRIG,Refrigerator,2383,2383
ki1066203-TanzaniaChild2,Food Security,INCFOOD,Income spent on food,2290,2290
ki1066203-TanzaniaChild2,Social Environment,NADULT,Number of adults in the house,2389,2389
ki1066203-TanzaniaChild2,Social Environment,NCHLD,Number of children in the home,2389,2389
ki1066203-TanzaniaChild2,Social Environment,NCHLDLT5,Number of children <5 in house,2389,2389
ki1066203-TanzaniaChild2,Assets,RADIO,Radio,2388,2388
ki1066203-TanzaniaChild2,Assets,SOFA,Sofa,2388,2388
ki1066203-TanzaniaChild2,Assets,TV,Television,2388,2388
ki1112895-Bangladesh Diarrhea,Hygeine,BATHFREQ,Bathing frequency,140,140
ki1112895-Bangladesh Diarrhea,Hygeine,BATHHOME,Bathed in home,140,140
ki1112895-Bangladesh Diarrhea,Education,EDUCCRGV,Highest education of caregiver,140,140
ki1112895-Bangladesh Diarrhea,Education,EDUCHH,Highest education head of household,140,140
ki1112895-Bangladesh Diarrhea,Hygeine,H2OSRCB,Source of bathing water,140,140
ki1112895-Bangladesh Diarrhea,Water,H2OSRCC,Source of cooking water,140,140
ki1112895-Bangladesh Diarrhea,Water,H2OSRCP,Source drinking water,140,140
ki1112895-Bangladesh Diarrhea,Water,H2OTRTP,Method treat drinking water,140,140
ki1112895-Bangladesh Diarrhea,Housing Quality,HOMESZ,Home size,140,140
ki1112895-Bangladesh Diarrhea,Assets,HOMEVAL,Home value (local currency),140,140
ki1112895-Bangladesh Diarrhea,Finances,INCTOT,Total family income,140,140
ki1112895-Bangladesh Diarrhea,Animals & Livestock,LVSTOCK,Livestock ownership,140,140
ki1112895-Bangladesh Diarrhea,Social Environment,NCHLDLT5,Number of children <5 in house,140,140
ki1112895-Bangladesh Diarrhea,Social Environment,NPERSON,Number of persons in house,140,140
ki1112895-Bangladesh Diarrhea,Labor,OCCUP,Occupation (primary),140,140
ki1112895-Bangladesh Diarrhea,Labor,OCCUP2,Secondary occupation,140,140
ki1112895-Burkina Faso Zn,Water,H2OSRCP,Source drinking water,6246,6246
ki1112895-Burkina Faso Zn,Animals & Livestock,LVSTOCK,Livestock ownership,6246,6246
ki1112895-Burkina Faso Zn,Social Environment,NCHLDLT5,Number of children <5 in house,6246,6246
ki1112895-Burkina Faso Zn,Social Environment,NPERSON,Number of persons in house,6246,6246
ki1112895-Burkina Faso Zn,Sanitation,SANITATN,Type of sanitary facility,6246,6246
ki1112895-Burkina Faso Zn,SES Summary,VLGINFR,Village Infrastructure Index,6246,6246
ki1112895-Ecuador Zn,Assets,BICYCLE,Bicycle,180,180
ki1112895-Ecuador Zn,Assets,CAR,Car,179,179
ki1112895-Ecuador Zn,Housing Quality,FLOOR,Type floor in house,383,383
ki1112895-Ecuador Zn,Assets,FRIG,Refrigerator,253,253
ki1112895-Ecuador Zn,Water,H2OSRC,Water source,364,364
ki1112895-Ecuador Zn,Social Environment,NPERSON,Number of persons in house,562,562
ki1112895-Ecuador Zn,Housing Quality,NROOMS,Number rooms in house,383,383
ki1112895-Ecuador Zn,Social Environment,PHONE,Phone,105,105
ki1112895-Ecuador Zn,Assets,RADIO,Radio,353,353
ki1112895-Ecuador Zn,Housing Quality,ROOF,Type of roof over home,392,392
ki1112895-Ecuador Zn,Sanitation,SANITATN,Type of sanitary facility,362,362
ki1112895-Ecuador Zn,Assets,STOVE,Stove,374,374
ki1112895-Ecuador Zn,Assets,TV,Television,317,317
ki1112895-Ecuador Zn,Housing Quality,WALL,Type walls in house,377,377
ki1112895-Guatemala BSC,Housing Quality,HOUS_SCR,Factor score housing quality,315,315
ki1112895-Guatemala BSC,Assets,POS_SCR,Factor score possessions,315,315
ki1112895-Peru Huascar,Social Environment,NCHLDLT5,Number of children <5 in house,120,120
ki1112895-Peru PersistDiarrhea,Housing Quality,FLOOR,Type floor in house,387,387
ki1112895-Peru PersistDiarrhea,Assets,FRIG,Refrigerator,387,387
ki1112895-Peru PersistDiarrhea,Housing Quality,HOUS_SCR,Factor score housing quality,387,387
ki1112895-Peru PersistDiarrhea,Social Environment,NCHLD,Number of children in the home,387,387
ki1112895-Peru PersistDiarrhea,Social Environment,NPERSON,Number of persons in house,387,387
ki1112895-Peru PersistDiarrhea,Assets,POS_SCR,Factor score possessions,387,387
ki1112895-Peru PersistDiarrhea,Housing Quality,WALL,Type walls in house,387,387
ki1112895-Peru Zn,Animals & Livestock,ANIMALS,Other animals,301,301
ki1112895-Peru Zn,Animals & Livestock,BIRDS,Birds,301,301
ki1112895-Peru Zn,Assets,BLENDER,Blender,300,300
ki1112895-Peru Zn,Assets,CAR,Car,300,300
ki1112895-Peru Zn,Animals & Livestock,CATS,Cats,301,301
ki1112895-Peru Zn,Environmental Exposure,COOKFUEL,Type of cooking fuel,301,301
ki1112895-Peru Zn,Animals & Livestock,DOGS,Dogs,301,301
ki1112895-Peru Zn,Housing Quality,FLOOR,Type floor in house,301,301
ki1112895-Peru Zn,Assets,FRIG,Refrigerator,300,300
ki1112895-Peru Zn,Water,H2OSAVE,Save water,301,301
ki1112895-Peru Zn,Water,H2OSRCO,Source water other use,88,88
ki1112895-Peru Zn,Water,H2OSRCP,Source drinking water,301,301
ki1112895-Peru Zn,Housing Quality,HOSZ_SCR,Factor score housing size,296,296
ki1112895-Peru Zn,Housing Quality,HOUS_SCR,Factor score housing quality,301,301
ki1112895-Peru Zn,Finances,INCTOT,Total family income,297,297
ki1112895-Peru Zn,Social Environment,NPERSON,Number of persons in house,301,301
ki1112895-Peru Zn,Housing Quality,NROOMS,Number rooms in house,299,299
ki1112895-Peru Zn,Housing Quality,NSLROOM,Number of sleeping rooms,300,300
ki1112895-Peru Zn,Social Environment,PHONE,Phone,300,300
ki1112895-Peru Zn,Assets,POS_SCR,Factor score possessions,300,300
ki1112895-Peru Zn,Assets,RADIO,Radio,300,300
ki1112895-Peru Zn,Sanitation,SANITATN,Type of sanitary facility,301,301
ki1112895-Peru Zn,Assets,SEWING,Sewing machine,300,300
ki1112895-Peru Zn,Assets,TV,Television,300,300
ki1112895-Peru Zn,Housing Quality,WALL,Type walls in house,301,301
ki1112895-iLiNS-Zinc,Social Environment,NCHLDLT5,Number of children <5 in house,3189,3189
ki1113344-GMS-Nepal,Assets,AGLAND,Agricultural land,698,698
ki1113344-GMS-Nepal,Assets,AGLANDSZ,Area of Agricultural land,698,698
ki1113344-GMS-Nepal,Assets,BICYCLE,Bicycle,698,698
ki1113344-GMS-Nepal,Assets,CAR,Car,698,698
ki1113344-GMS-Nepal,Social Environment,CASTE,Caste,698,698
ki1113344-GMS-Nepal,Housing Quality,ELEC,Electricity,698,698
ki1113344-GMS-Nepal,Housing Quality,FLOOR,Type floor in house,545,545
ki1113344-GMS-Nepal,Water,H2OSRC,Water source,699,699
ki1113344-GMS-Nepal,Water,H2OTRTP,Method treat drinking water,4,4
ki1113344-GMS-Nepal,Food Security,HUNGER,Presence of hunger,698,698
ki1113344-GMS-Nepal,Social Environment,LLPHONE,Landline phone,698,698
ki1113344-GMS-Nepal,Assets,MCYCLE,Motorcycle,698,698
ki1113344-GMS-Nepal,Social Environment,MOBILE,Mobile phone,698,698
ki1113344-GMS-Nepal,Food Security,NEEDS,Enough resources to meet daily needs,458,458
ki1113344-GMS-Nepal,Housing Quality,NROOMS,Number rooms in house,698,698
ki1113344-GMS-Nepal,Water,PUMP,Irrigation pumps,698,698
ki1113344-GMS-Nepal,Assets,RADIO,Radio,698,698
ki1113344-GMS-Nepal,Assets,RICKSHAW,Rickshaw/Auto,698,698
ki1113344-GMS-Nepal,Housing Quality,ROOF,Type of roof over home,643,643
ki1113344-GMS-Nepal,Assets,SEWING,Sewing machine,698,698
ki1113344-GMS-Nepal,Assets,TV,Television,698,698
ki1113344-GMS-Nepal,Housing Quality,WALL,Type walls in house,515,515
ki1113344-GMS-Nepal,Hygeine,WASHANIM,Wash hands after handling animals,183,183
ki1113344-GMS-Nepal,Hygeine,WASHCCHD,Wash hands after cleaning child,418,418
ki1113344-GMS-Nepal,Hygeine,WASHCOOK,Wash hands prior to cooking,41,41
ki1113344-GMS-Nepal,Hygeine,WASHDEFC,Wash hands after defecation,400,400
ki1114097-CONTENT,Animals & Livestock,ANIMALS,Other animals,299,299
ki1114097-CONTENT,Assets,CAR,Car,289,289
ki1114097-CONTENT,Assets,FRIG,Refrigerator,297,297
ki1114097-CONTENT,Water,H2OSRC,Water source,302,302
ki1114097-CONTENT,Water,H2OSRCC,Source of cooking water,297,297
ki1114097-CONTENT,Social Environment,LLPHONE,Landline phone,300,300
ki1114097-CONTENT,Housing Quality,NROOMS,Number rooms in house,301,301
ki1114097-CONTENT,Social Environment,NSLEEP,Number of persons sleeping in house,301,301
ki1114097-CONTENT,Housing Quality,NSLROOM,Number of sleeping rooms,301,301
ki1114097-CONTENT,Assets,RADIO,Radio,297,297
ki1114097-CONTENT,Animals & Livestock,RODENTS,Rodents,294,294
ki1114097-CONTENT,Sanitation,SANITATN,Type of sanitary facility,301,301
ki1114097-CONTENT,Assets,TV,Television,300,300
ki1119695-PROBIT,Animals & Livestock,BIRDS,Birds,542,542
ki1119695-PROBIT,Animals & Livestock,CATS,Cats,5816,5816
ki1119695-PROBIT,Animals & Livestock,COW,Cow,8487,8487
ki1119695-PROBIT,Animals & Livestock,DOGS,Dogs,2919,2919
ki1119695-PROBIT,Animals & Livestock,FOWL,Fowl,8487,8487
ki1119695-PROBIT,Animals & Livestock,GOAT,Goats,8487,8487
ki1119695-PROBIT,Animals & Livestock,HORSE,Horse,8487,8487
ki1119695-PROBIT,Animals & Livestock,OTHFARM,Other farm animals,8487,8487
ki1119695-PROBIT,Animals & Livestock,OTHPETS,Other pets,302,302
ki1119695-PROBIT,Animals & Livestock,PIGS,Pigs,8487,8487
ki1119695-PROBIT,Animals & Livestock,RODENTS,Rodents,466,466
ki1119695-PROBIT,Animals & Livestock,SHEEP,Sheep,8487,8487
ki1120016-BAMBAM,SES Summary,HOLLINGS,Hollingshead Index of SES,660,359
ki1120016-BAMBAM,Social Environment,NCHLD,Number of children in the home,560,190
ki1125811-UVG Growth,Education,EDUCSELF,Years of education of the subject,40678,40678
ki1126311-ZVITAMBO,Housing Quality,HOUSING,Housing status,14110,14110
ki1126311-ZVITAMBO,Finances,INCTOT,Total family income,14110,14110
ki1126311-ZVITAMBO,Social Environment,NCHLD,Number of children in the home,14110,14110
ki1126311-ZVITAMBO,Health Care Access,TM2HLTHC,Time to nearest health care center,14110,14110
ki1126927-GUSTO,Animals & Livestock,ANIMALS,Other animals,19,19
ki1126927-GUSTO,Animals & Livestock,BIRDS,Birds,16,16
ki1126927-GUSTO,Environmental Exposure,CARNOISE,Live near traffic noise,109,109
ki1126927-GUSTO,Animals & Livestock,CATS,Cats,35,35
ki1126927-GUSTO,Animals & Livestock,DOGS,Dogs,46,46
ki1126927-GUSTO,Environmental Exposure,FFPETS,Furry/feathered pets at home,109,109
ki1126927-GUSTO,Housing Quality,FLOOR,Type floor in house,857,857
ki1126927-GUSTO,Finances,INCMOM,Mothers Income,1174,1174
ki1126927-GUSTO,Finances,INCTOT,Total family income,1191,1191
ki1126927-GUSTO,Housing Quality,SLEEPAC,Sleeps in air-conditioning,402,402
ki1135781-COHORTS,Social Environment,CHLDADLT,Ratio of all children to adults,18061,18061
ki1135781-COHORTS,Social Environment,CHLDDR,Child dependency ratio,11819,11819
ki1135781-COHORTS,Social Environment,CRWDINDX,Crowding index,18179,18179
ki1135781-COHORTS,Water,H2OAVAIL,Water availability at water source,17611,17611
ki1135781-COHORTS,Health Care Access,HCACCESS,Access to health care,21106,21106
ki1135781-COHORTS,Health Care Access,HCUTILIZ,Use of preventive health services,17993,17993
ki1135781-COHORTS,Housing Quality,HOMETYPE,Type of home construction,5461,5461
ki1135781-COHORTS,Finances,INCTOT,Total family income,15157,15157
ki1135781-COHORTS,Social Environment,NADULTF,Number of Adult Females,12628,12628
ki1135781-COHORTS,Social Environment,NADULTM,Number of Adult Males,12628,12628
ki1135781-COHORTS,Social Environment,NCHLD,Number of children in the home,12628,12628
ki1135781-COHORTS,Social Environment,NPERSON,Number of persons in house,5007,5007
ki1135781-COHORTS,Housing Quality,NROOMS,Number rooms in house,10464,10464
ki1135781-COHORTS,Assets,OWNHOME,Parent owns home?,5459,5459
ki1135781-COHORTS,Sanitation,SANITATN,Type of sanitary facility,17621,17621
ki1135781-COHORTS,Social Environment,URBANSC,7 component urbanicity scale (Cebu only),3080,3080
ki1135978-Fels,Education,EDUCSELF,Years of education of the subject,2820,1020
ki1135978-Fels,Finances,INCSELF,Annual income of the subject,1263,759
ki1135978-Fels,Finances,INCTOT,Total family income,2290,929
ki1135978-Fels,Social Environment,MRTSELF,Marital status of the subject,2514,990
ki1148112-LCNI-5,Vector Controls,BEDNCHLD,Child sleeps with a bed net,791,791
ki1148112-LCNI-5,Vector Controls,BEDNET,Bed Net,806,806
ki1148112-LCNI-5,Vector Controls,BEDNTRT,Bed net treatment agent,811,811
ki1148112-LCNI-5,Assets,BICYCLE,Bicycle,812,812
ki1148112-LCNI-5,Assets,CAR,Car,813,813
ki1148112-LCNI-5,Animals & Livestock,CHICKEN,Chickens,817,817
ki1148112-LCNI-5,Animals & Livestock,COW,Cow,817,817
ki1148112-LCNI-5,Animals & Livestock,GOAT,Goats,817,817
ki1148112-LCNI-5,Water,H2OSRCP,Source drinking water,817,817
ki1148112-LCNI-5,Assets,MATTRESS,Mattress,813,813
ki1148112-LCNI-5,Social Environment,NCHLDLT5,Number of children <5 in house,816,816
ki1148112-LCNI-5,Social Environment,NPERSON,Number of persons in house,817,817
ki1148112-LCNI-5,Finances,NPRSNINC,Num persons contributing to HH income,817,817
ki1148112-LCNI-5,Animals & Livestock,OTHANML,Other animals,790,790
ki1148112-LCNI-5,Assets,RADIO,Radio,813,813
ki1148112-LCNI-5,Housing Quality,ROOF,Type of roof over home,816,816
ki1148112-LCNI-5,Sanitation,SANITATN,Type of sanitary facility,816,816
ki1148112-LCNI-5,Animals & Livestock,SHEEP,Sheep,817,817
ki1148112-LCNI-5,Housing Quality,WALL,Type walls in house,816,816
ki1148112-iLiNS-DOSE,Assets,AGLAND,Agricultural land,7322,1829
ki1148112-iLiNS-DOSE,Assets,AXESICK,Axe Sickle,7322,1829
ki1148112-iLiNS-DOSE,Assets,BED,Bed,7322,1829
ki1148112-iLiNS-DOSE,Vector Controls,BEDNET,Bed Net,7322,1829
ki1148112-iLiNS-DOSE,Assets,BEERDRUM,Beer Brewing Drum,7322,1829
ki1148112-iLiNS-DOSE,Assets,BICYCLE,Bicycle,7322,1829
ki1148112-iLiNS-DOSE,Assets,BOATM,Boat (motorized),7322,1829
ki1148112-iLiNS-DOSE,Assets,CAR,Car,7322,1829
ki1148112-iLiNS-DOSE,Assets,CART,Cart (animal pulled),7322,1829
ki1148112-iLiNS-DOSE,Assets,CDPLAY,CD Player,7322,1829
ki1148112-iLiNS-DOSE,Assets,CHAIR,Chair in the home,7322,1829
ki1148112-iLiNS-DOSE,Animals & Livestock,CHICKEN,Chickens,7322,1829
ki1148112-iLiNS-DOSE,Environmental Exposure,COOKFUEL,Type of cooking fuel,7304,1829
ki1148112-iLiNS-DOSE,Housing Quality,COOKPLAC,Place for cooking,5047,1807
ki1148112-iLiNS-DOSE,Animals & Livestock,COW,Cow,7322,1829
ki1148112-iLiNS-DOSE,Housing Quality,ELEC,Electricity,7322,1829
ki1148112-iLiNS-DOSE,Vector Controls,FAN,Fan in the home,7322,1829
ki1148112-iLiNS-DOSE,Food Security,FISHNET,Fishing Net,7322,1829
ki1148112-iLiNS-DOSE,Assets,FRIG,Refrigerator,7322,1829
ki1148112-iLiNS-DOSE,Animals & Livestock,GOAT,Goats,8287,1879
ki1148112-iLiNS-DOSE,Water,H2OSRCP,Source drinking water,7286,1829
ki1148112-iLiNS-DOSE,Hygeine,HANDSPRY,Hand Spray,7322,1829
ki1148112-iLiNS-DOSE,Food Security,HFCRCBM,Borrow food or food money?,5952,1787
ki1148112-iLiNS-DOSE,Food Security,HFCRCLOE,Limit food intake as no food?,5946,1787
ki1148112-iLiNS-DOSE,Food Security,HFCRCOH,Rely on outside help for food?,5951,1787
ki1148112-iLiNS-DOSE,Food Security,HFCRCUC,Buy food on credit?,5952,1787
ki1148112-iLiNS-DOSE,Food Security,HFIASENF,No food to eat?,5954,1787
ki1148112-iLiNS-DOSE,Food Security,HFIASFFD,Hungry whole day-Lack food?,5951,1787
ki1148112-iLiNS-DOSE,Food Security,HFIASFM,Fewer Meals-Not enough food?,5954,1787
ki1148112-iLiNS-DOSE,Food Security,HFIASLV,Limited variety food-lack of resource?,5954,1787
ki1148112-iLiNS-DOSE,Food Security,HFIASNEF,Not have enough food?,5955,1787
ki1148112-iLiNS-DOSE,Food Security,HFIASNRF,No preferred food-lack of resources?,5953,1787
ki1148112-iLiNS-DOSE,Food Security,HFIASSH,Sleet Hungry-Not enough food?,5954,1787
ki1148112-iLiNS-DOSE,Food Security,HFIASSM,Smaller Meal-Not enough food?,5953,1787
ki1148112-iLiNS-DOSE,Food Security,HFIASUF,Eat non-preferred food-Lack of resrc?,5953,1787
ki1148112-iLiNS-DOSE,Assets,HOE,Hoe,7322,1829
ki1148112-iLiNS-DOSE,Finances,INCTOT,Total family income,403,309
ki1148112-iLiNS-DOSE,Assets,LANTERN,Lantern,7322,1829
ki1148112-iLiNS-DOSE,Assets,MATTRESS,Mattress,7322,1829
ki1148112-iLiNS-DOSE,Assets,MCYCLE,Motorcycle,7322,1829
ki1148112-iLiNS-DOSE,Assets,MINIBUS,Minibus,5066,1807
ki1148112-iLiNS-DOSE,Social Environment,NCHLDLT5,Number of children <5 in house,6878,1829
ki1148112-iLiNS-DOSE,Social Environment,NPERSON,Number of persons in house,6887,1829
ki1148112-iLiNS-DOSE,Housing Quality,NROOMS,Number rooms in house,7218,1824
ki1148112-iLiNS-DOSE,Social Environment,PHONE,Phone,8247,1878
ki1148112-iLiNS-DOSE,Assets,RADIO,Radio,7322,1829
ki1148112-iLiNS-DOSE,Housing Quality,ROOF,Type of roof over home,8216,1878
ki1148112-iLiNS-DOSE,Sanitation,SANITATN,Type of sanitary facility,7106,1819
ki1148112-iLiNS-DOSE,Assets,SEWING,Sewing machine,7322,1829
ki1148112-iLiNS-DOSE,Animals & Livestock,SHEEP,Sheep,7322,1829
ki1148112-iLiNS-DOSE,Housing Quality,SLEEPAC,Sleeps in air-conditioning,7322,1829
ki1148112-iLiNS-DOSE,Assets,STOVE,Stove,7322,1829
ki1148112-iLiNS-DOSE,Assets,TABLE,Table in the home,7322,1829
ki1148112-iLiNS-DOSE,Assets,TRUCK,Truck,7322,1829
ki1148112-iLiNS-DOSE,Assets,TV,Television,7322,1829
ki1148112-iLiNS-DOSE,Housing Quality,WALL,Type walls in house,8237,1877
ki1148112-iLiNS-DOSE,Hygeine,WASHMAC,Washing machine,7322,1829
ki1148112-iLiNS-DOSE,Assets,WBARROW,Wheel Barrow,7322,1829
ki1148112-iLiNS-DYAD-M,Assets,AGLAND,Agricultural land,5268,1240
ki1148112-iLiNS-DYAD-M,Assets,AXESICK,Axe Sickle,5268,1240
ki1148112-iLiNS-DYAD-M,Assets,BED,Bed,5268,1240
ki1148112-iLiNS-DYAD-M,Vector Controls,BEDNET,Bed Net,5268,1240
ki1148112-iLiNS-DYAD-M,Assets,BEERDRUM,Beer Brewing Drum,5268,1240
ki1148112-iLiNS-DYAD-M,Assets,BICYCLE,Bicycle,5268,1240
ki1148112-iLiNS-DYAD-M,Assets,BOATM,Boat (motorized),5268,1240
ki1148112-iLiNS-DYAD-M,Assets,BOOKS,Books in the home,5268,1240
ki1148112-iLiNS-DYAD-M,Assets,BOWL,Bowl,5268,1240
ki1148112-iLiNS-DYAD-M,Assets,CAR,Car,5268,1240
ki1148112-iLiNS-DYAD-M,Assets,CDPLAY,CD Player,5268,1240
ki1148112-iLiNS-DYAD-M,Assets,CHAIR,Chair in the home,5268,1240
ki1148112-iLiNS-DYAD-M,Animals & Livestock,CHICKEN,Chickens,5268,1240
ki1148112-iLiNS-DYAD-M,Environmental Exposure,COOKFUEL,Type of cooking fuel,2546,1237
ki1148112-iLiNS-DYAD-M,Housing Quality,COOKPLAC,Place for cooking,1236,1235
ki1148112-iLiNS-DYAD-M,Animals & Livestock,COW,Cow,5268,1240
ki1148112-iLiNS-DYAD-M,Housing Quality,ELEC,Electricity,2568,1245
ki1148112-iLiNS-DYAD-M,Vector Controls,FAN,Fan in the home,5268,1240
ki1148112-iLiNS-DYAD-M,Food Security,FISHNET,Fishing Net,5268,1240
ki1148112-iLiNS-DYAD-M,Assets,FRIG,Refrigerator,5268,1240
ki1148112-iLiNS-DYAD-M,Animals & Livestock,GOAT,Goats,6513,1245
ki1148112-iLiNS-DYAD-M,Water,H2OSRCP,Source drinking water,2539,1236
ki1148112-iLiNS-DYAD-M,Hygeine,HANDSPRY,Hand Spray,5268,1240
ki1148112-iLiNS-DYAD-M,Food Security,HFCRCBM,Borrow food or food money?,5260,1239
ki1148112-iLiNS-DYAD-M,Food Security,HFCRCLOE,Limit food intake as no food?,5249,1237
ki1148112-iLiNS-DYAD-M,Food Security,HFCRCOH,Rely on outside help for food?,5259,1239
ki1148112-iLiNS-DYAD-M,Food Security,HFCRCUC,Buy food on credit?,5261,1239
ki1148112-iLiNS-DYAD-M,Food Security,HFIASENF,No food to eat?,5261,1239
ki1148112-iLiNS-DYAD-M,Food Security,HFIASFFD,Hungry whole day-Lack food?,5261,1239
ki1148112-iLiNS-DYAD-M,Food Security,HFIASFM,Fewer Meals-Not enough food?,5262,1239
ki1148112-iLiNS-DYAD-M,Food Security,HFIASLV,Limited variety food-lack of resource?,5261,1239
ki1148112-iLiNS-DYAD-M,Food Security,HFIASNEF,Not have enough food?,5260,1239
ki1148112-iLiNS-DYAD-M,Food Security,HFIASNRF,No preferred food-lack of resources?,5260,1239
ki1148112-iLiNS-DYAD-M,Food Security,HFIASSH,Sleet Hungry-Not enough food?,5259,1239
ki1148112-iLiNS-DYAD-M,Food Security,HFIASSM,Smaller Meal-Not enough food?,5262,1239
ki1148112-iLiNS-DYAD-M,Food Security,HFIASUF,Eat non-preferred food-Lack of resrc?,5260,1239
ki1148112-iLiNS-DYAD-M,Assets,HOE,Hoe,5268,1240
ki1148112-iLiNS-DYAD-M,Finances,INCTOT,Total family income,193,193
ki1148112-iLiNS-DYAD-M,Assets,LANTERN,Lantern,5268,1240
ki1148112-iLiNS-DYAD-M,Assets,MATTRESS,Mattress,5268,1240
ki1148112-iLiNS-DYAD-M,Assets,MCYCLE,Motorcycle,5268,1240
ki1148112-iLiNS-DYAD-M,Social Environment,MOBILE,Mobile phone,5268,1240
ki1148112-iLiNS-DYAD-M,Social Environment,NCHLDLT5,Number of children <5 in house,2115,1105
ki1148112-iLiNS-DYAD-M,Education,NDRAW,Number of Drawing or Writing Tools,5251,1238
ki1148112-iLiNS-DYAD-M,Social Environment,NPERSON,Number of persons in house,2157,1120
ki1148112-iLiNS-DYAD-M,Housing Quality,NROOMS,Number rooms in house,1246,1245
ki1148112-iLiNS-DYAD-M,Education,NTOYS,Number of Toys,5252,1237
ki1148112-iLiNS-DYAD-M,Social Environment,PHONE,Phone,1236,1236
ki1148112-iLiNS-DYAD-M,Assets,RADIO,Radio,5268,1240
ki1148112-iLiNS-DYAD-M,Housing Quality,ROOF,Type of roof over home,3728,1242
ki1148112-iLiNS-DYAD-M,Sanitation,SANITATN,Type of sanitary facility,2400,1211
ki1148112-iLiNS-DYAD-M,Assets,SEWING,Sewing machine,5268,1240
ki1148112-iLiNS-DYAD-M,Animals & Livestock,SHEEP,Sheep,5268,1240
ki1148112-iLiNS-DYAD-M,Housing Quality,SLEEPAC,Sleeps in air-conditioning,5268,1240
ki1148112-iLiNS-DYAD-M,Assets,STOVE,Stove,5268,1240
ki1148112-iLiNS-DYAD-M,Assets,TABLE,Table in the home,5268,1240
ki1148112-iLiNS-DYAD-M,Education,TOYSBB,Building blocks in the home,5268,1240
ki1148112-iLiNS-DYAD-M,Education,TOYSMU,Musical toys in the home,5268,1240
ki1148112-iLiNS-DYAD-M,Assets,TRUCK,Truck,5268,1240
ki1148112-iLiNS-DYAD-M,Assets,TV,Television,5268,1240
ki1148112-iLiNS-DYAD-M,Housing Quality,WALL,Type walls in house,3733,1245
ki1148112-iLiNS-DYAD-M,Hygeine,WASHMAC,Washing machine,5268,1240
ki1148112-iLiNS-DYAD-M,Assets,WBARROW,Wheel Barrow,5268,1240
ki1164596-Ecuador Egg,Animals & Livestock,ANIMALS,Other animals,160,160
ki1164596-Ecuador Egg,Environmental Exposure,COOKFUEL,Type of cooking fuel,159,159
ki1164596-Ecuador Egg,Animals & Livestock,COW,Cow,160,160
ki1164596-Ecuador Egg,Housing Quality,FLOOR,Type floor in house,159,159
ki1164596-Ecuador Egg,Animals & Livestock,FOWL,Fowl,160,160
ki1164596-Ecuador Egg,Water,H2OSRC,Water source,160,160
ki1164596-Ecuador Egg,Water,H2OSRCP,Source drinking water,160,160
ki1164596-Ecuador Egg,Water,H2OTIME,Time to retrieve water,160,160
ki1164596-Ecuador Egg,Water,H2OTRTP,Method treat drinking water,160,160
ki1164596-Ecuador Egg,Animals & Livestock,LLAMA,Llama,160,160
ki1164596-Ecuador Egg,Health Care Access,MEDINS,Type of medical insurance,160,160
ki1164596-Ecuador Egg,Social Environment,NCHLD,Number of children in the home,160,160
ki1164596-Ecuador Egg,Social Environment,NCHLDLT5,Number of children <5 in house,160,160
ki1164596-Ecuador Egg,Social Environment,NPERSON,Number of persons in house,160,160
ki1164596-Ecuador Egg,Animals & Livestock,PIGS,Pigs,160,160
ki1164596-Ecuador Egg,Sanitation,SANITATN,Type of sanitary facility,160,160
ki1164596-Ecuador Egg,Animals & Livestock,SHEEP,Sheep,160,160
kiGH5241-JiVitA-3,Assets,BED,Bed,28476,28476
kiGH5241-JiVitA-3,Assets,BICYCLE,Bicycle,28482,28482
kiGH5241-JiVitA-3,Animals & Livestock,CATTLE,Cattle,28453,28453
kiGH5241-JiVitA-3,Animals & Livestock,CHICKEN,Chickens,28286,28286
kiGH5241-JiVitA-3,Assets,CLTHCAB,Clothing cabinet in home,28481,28481
kiGH5241-JiVitA-3,Assets,DAI,Durable Asset Index,28462,28462
kiGH5241-JiVitA-3,Housing Quality,DCI,Dwelling Characteristics Index,28462,28462
kiGH5241-JiVitA-3,Assets,DTABLE,Dressing table,28476,28476
kiGH5241-JiVitA-3,Animals & Livestock,DUCK,Duck,28341,28341
kiGH5241-JiVitA-3,Housing Quality,ELEC,Electricity,28479,28479
kiGH5241-JiVitA-3,Housing Quality,FLOOR,Type floor in house,28439,28439
kiGH5241-JiVitA-3,Animals & Livestock,GOAT,Goats,28472,28472
kiGH5241-JiVitA-3,Hygeine,H2OSRCB,Source of bathing water,28480,28480
kiGH5241-JiVitA-3,Water,H2OSRCC,Source of cooking water,28480,28480
kiGH5241-JiVitA-3,Hygeine,H2OSRCK,Source for washing kitchen utensils,28480,28480
kiGH5241-JiVitA-3,Water,H2OSRCP,Source drinking water,28480,28480
kiGH5241-JiVitA-3,Sanitation,H2OSRCS,Source of sanitation water,28480,28480
kiGH5241-JiVitA-3,Housing Quality,KITCHDSC,Kitchen description,28438,28438
kiGH5241-JiVitA-3,Finances,LOAN,Loan,10684,10684
kiGH5241-JiVitA-3,Assets,LOI,Land Ownership Index,28462,28462
kiGH5241-JiVitA-3,SES Summary,LSI,Living Standard Index,28462,28462
kiGH5241-JiVitA-3,Assets,MCYCLE,Motorcycle,28482,28482
kiGH5241-JiVitA-3,Social Environment,MOBILE,Mobile phone,28482,28482
kiGH5241-JiVitA-3,Social Environment,NADULT,Number of adults in the house,28383,28383
kiGH5241-JiVitA-3,Social Environment,NCHLDLT5,Number of children <5 in house,28478,28478
kiGH5241-JiVitA-3,Housing Quality,NROOMS,Number rooms in house,28476,28476
kiGH5241-JiVitA-3,Assets,PAI,Productive Asset Index,28462,28462
kiGH5241-JiVitA-3,Water,PUMP,Irrigation pumps,28481,28481
kiGH5241-JiVitA-3,Assets,RADIO,Radio,28482,28482
kiGH5241-JiVitA-3,Assets,RICKSHAW,Rickshaw/Auto,28482,28482
kiGH5241-JiVitA-3,Housing Quality,ROOF,Type of roof over home,28439,28439
kiGH5241-JiVitA-3,Sanitation,SANITATN,Type of sanitary facility,28476,28476
kiGH5241-JiVitA-3,Assets,SEWING,Sewing machine,28482,28482
kiGH5241-JiVitA-3,Hygeine,SOAP,Soap,28469,28469
kiGH5241-JiVitA-3,Assets,TV,Television,28482,28482
kiGH5241-JiVitA-3,Assets,WATCH,Watch in the home,28475,28475
kiGH5241-JiVitA-3,Assets,WI,Wealth Index,28462,28462
kiGH5241-JiVitA-4,Assets,BED,Bed,5430,5430
kiGH5241-JiVitA-4,Assets,BICYCLE,Bicycle,5433,5433
kiGH5241-JiVitA-4,Animals & Livestock,CATTLE,Cattle,5428,5428
kiGH5241-JiVitA-4,Animals & Livestock,CHICKEN,Chickens,5408,5408
kiGH5241-JiVitA-4,Assets,CLTHCAB,Clothing cabinet in home,5433,5433
kiGH5241-JiVitA-4,Assets,CROP,Crop,2290,2290
kiGH5241-JiVitA-4,Assets,DAI,Durable Asset Index,5432,5432
kiGH5241-JiVitA-4,Housing Quality,DCI,Dwelling Characteristics Index,5432,5432
kiGH5241-JiVitA-4,Assets,DTABLE,Dressing table,5433,5433
kiGH5241-JiVitA-4,Animals & Livestock,DUCK,Duck,5414,5414
kiGH5241-JiVitA-4,Housing Quality,ELEC,Electricity,5432,5432
kiGH5241-JiVitA-4,Housing Quality,FLOOR,Type floor in house,5432,5432
kiGH5241-JiVitA-4,Animals & Livestock,FPOND,Fish pond,5355,5355
kiGH5241-JiVitA-4,Food Security,GARDEN,Garden,5408,5408
kiGH5241-JiVitA-4,Animals & Livestock,GOAT,Goats,5430,5430
kiGH5241-JiVitA-4,Food Security,GROVE,Grove,5354,5354
kiGH5241-JiVitA-4,Hygeine,H2OSRCB,Source of bathing water,5433,5433
kiGH5241-JiVitA-4,Water,H2OSRCC,Source of cooking water,5433,5433
kiGH5241-JiVitA-4,Hygeine,H2OSRCK,Source for washing kitchen utensils,5433,5433
kiGH5241-JiVitA-4,Water,H2OSRCP,Source drinking water,5433,5433
kiGH5241-JiVitA-4,Sanitation,H2OSRCS,Source of sanitation water,5433,5433
kiGH5241-JiVitA-4,Housing Quality,HOMESZ,Home size,3275,3275
kiGH5241-JiVitA-4,Housing Quality,KITCHDSC,Kitchen description,5432,5432
kiGH5241-JiVitA-4,Assets,LOI,Land Ownership Index,5432,5432
kiGH5241-JiVitA-4,SES Summary,LSI,Living Standard Index,5432,5432
kiGH5241-JiVitA-4,Assets,MCYCLE,Motorcycle,5433,5433
kiGH5241-JiVitA-4,Social Environment,MOBILE,Mobile phone,5432,5432
kiGH5241-JiVitA-4,Housing Quality,NROOMS,Number rooms in house,5433,5433
kiGH5241-JiVitA-4,Assets,OTHLAND,Other Land,232,232
kiGH5241-JiVitA-4,Assets,PAI,Productive Asset Index,5432,5432
kiGH5241-JiVitA-4,Water,PUMP,Irrigation pumps,5433,5433
kiGH5241-JiVitA-4,Assets,RADIO,Radio,5433,5433
kiGH5241-JiVitA-4,Assets,RICKSHAW,Rickshaw/Auto,5433,5433
kiGH5241-JiVitA-4,Housing Quality,ROOF,Type of roof over home,5432,5432
kiGH5241-JiVitA-4,Sanitation,SANITATN,Type of sanitary facility,5433,5433
kiGH5241-JiVitA-4,Assets,SEWING,Sewing machine,5433,5433
kiGH5241-JiVitA-4,Hygeine,SOAP,Soap,5431,5431
kiGH5241-JiVitA-4,Water,TUBEWELL,Tubewell,5433,5433
kiGH5241-JiVitA-4,Assets,TV,Television,5433,5433
kiGH5241-JiVitA-4,Assets,WATCH,Watch in the home,5433,5433
kiGH5241-JiVitA-4,Assets,WI,Wealth Index,5432,5432
kiGH5307-ANISA,Assets,AIRCOND,Air Conditioner,72837,72837
kiGH5307-ANISA,Assets,BED,Bed,72837,72837
kiGH5307-ANISA,Assets,BICYCLE,Bicycle,72837,72837
kiGH5307-ANISA,Assets,BOATM,Boat (motorized),72837,72837
kiGH5307-ANISA,Assets,CAR,Car,72837,72837
kiGH5307-ANISA,Assets,CART,Cart (animal pulled),72837,72837
kiGH5307-ANISA,Assets,CDPLAY,CD Player,72837,72837
kiGH5307-ANISA,Assets,CHAIR,Chair in the home,72837,72837
kiGH5307-ANISA,Assets,CLTHCAB,Clothing cabinet in home,72837,72837
kiGH5307-ANISA,Social Environment,COMPUTER,Computer,72837,72837
kiGH5307-ANISA,Environmental Exposure,COOKFUEL,Type of cooking fuel,73632,73632
kiGH5307-ANISA,Housing Quality,COOKPLAC,Place for cooking,73628,73628
kiGH5307-ANISA,Housing Quality,ELEC,Electricity,72837,72837
kiGH5307-ANISA,Vector Controls,FAN,Fan in the home,72837,72837
kiGH5307-ANISA,Housing Quality,FLOOR,Type floor in house,72837,72837
kiGH5307-ANISA,Assets,FRIG,Refrigerator,72837,72837
kiGH5307-ANISA,Water,H2OAVAIL,Water availability at water source,19949,19949
kiGH5307-ANISA,Water,H2OSRCP,Source drinking water,72837,72837
kiGH5307-ANISA,Social Environment,LLPHONE,Landline phone,72837,72837
kiGH5307-ANISA,Assets,MATTRESS,Mattress,72837,72837
kiGH5307-ANISA,Assets,MCYCLE,Motorcycle,72837,72837
kiGH5307-ANISA,Social Environment,MOBILE,Mobile phone,72837,72837
kiGH5307-ANISA,Housing Quality,NBEDROOM,Number of bedrooms,72837,72837
kiGH5307-ANISA,Social Environment,NCHLDLT5,Number of children <5 in house,72837,72837
kiGH5307-ANISA,Social Environment,NPERSON,Number of persons in house,72837,72837
kiGH5307-ANISA,Water,PUMP,Irrigation pumps,72837,72837
kiGH5307-ANISA,Assets,RADIO,Radio,72837,72837
kiGH5307-ANISA,Assets,RICKSHAW,Rickshaw/Auto,72837,72837
kiGH5307-ANISA,Housing Quality,ROOF,Type of roof over home,72837,72837
kiGH5307-ANISA,Sanitation,SANITATN,Type of sanitary facility,72837,72837
kiGH5307-ANISA,Assets,SEWING,Sewing machine,72837,72837
kiGH5307-ANISA,Housing Quality,SINK,Sink,72837,72837
kiGH5307-ANISA,Hygeine,SOAP,Soap,19949,19949
kiGH5307-ANISA,Assets,SOFA,Sofa,72837,72837
kiGH5307-ANISA,Assets,TABLE,Table in the home,72837,72837
kiGH5307-ANISA,Assets,THRESHER,Thresher,72837,72837
kiGH5307-ANISA,Assets,TV,Television,72837,72837
kiGH5307-ANISA,Housing Quality,WALL,Type walls in house,72837,72837
kiGH5307-ANISA,Hygeine,WASHMAC,Washing machine,72837,72837
kiGH5307-ANISA,Assets,WATCH,Watch in the home,72837,72837
