STUDYID,SUBJTESTCD,SUBJTEST,COUNT_OBS,COUNT_SUBJ
MANA-2.0,SEX,Sex,20767,20767
MANA-2.0,RACE,Race,20599,20599
MANA-2.0,GAGEBRTH,Gestational age at birth (days),20396,20396
MANA-2.0,PREGOUT,Pregnancy outcome,20785,20785
MANA-2.0,DEAD,Child is dead,20785,20785
MANA-2.0,AGEDTH,Age on day of death (days),51,51
MANA-2.0,CAUSEDTH,Cause of death,27,27
MANA-2.0,CAUSDTHU,Underlying cause of death,33,33
MANA-2.0,CAUSDTHO,Other cause of death,22,22
MANA-2.0,FEEDING,Feeding practice,19275,19275
MANA-2.0,DURBRST,Breastfeeding duration (days),19275,19275
MANA-2.0,BRTHYR,Year of birth,20758,20758
MANA-2.0,BIRTHWT,Birth weight (gm),20674,20674
MANA-2.0,DELIVERY,Mode of delivery,20777,20777
MANA-2.0,APGAR1,APGAR Score 1 min after birth,20102,20102
MANA-2.0,APGAR5,APGAR Score 5 min after birth,20132,20132
MANA-2.0,MULTBRTH,Child of multiple births?,20786,20786
MANA-3.0,SUBJIDO,Original Subject ID,12486,12486
MANA-3.0,SEX,Sex,12076,12076
MANA-3.0,GAGEBRTH,Gestational age at birth (days),10742,10742
MANA-3.0,PREGOUT,Pregnancy outcome,12445,12445
MANA-3.0,DEAD,Child is dead,12107,12107
MANA-3.0,FEEDING,Feeding practice,12038,12038
MANA-3.0,DURBRST,Breastfeeding duration (days),9869,9869
MANA-3.0,BRTHYR,Year of birth,12127,12127
MANA-3.0,BRTHWEEK,Week of Birth,12127,12127
MANA-3.0,BIRTHWT,Birth weight (gm),12004,12004
MANA-3.0,DELIVERY,Mode of delivery,12486,12486
MANA-3.0,BRTHPRES,Birth presentation,12197,12197
MANA-3.0,APGAR1,APGAR Score 1 min after birth,11492,11492
MANA-3.0,APGAR5,APGAR Score 5 min after birth,11516,11516
MANA-3.0,APGAR10,APGAR Score 10 min after birth,113,113
MANA-3.0,MULTBRTH,Child of multiple births?,12445,12445
NHANES-1999-00,SEX,Sex,9965,9965
NHANES-1999-00,RACE,Race,9965,9965
NHANES-1999-00,DURBRST,Breastfeeding duration (days),904,904
NHANES-1999-00,BIRTHWT,Birth weight (gm),3778,3778
NHANES-2001-02,SUBJIDO,Original Subject ID,11039,11039
NHANES-2001-02,SEX,Sex,11039,11039
NHANES-2001-02,RACE,Race,11039,11039
NHANES-2001-02,DURBRST,Breastfeeding duration (days),1088,1088
NHANES-2001-02,BIRTHWT,Birth weight (gm),4263,4263
NHANES-2003-04,SUBJIDO,Original Subject ID,10122,10122
NHANES-2003-04,SEX,Sex,10122,10122
NHANES-2003-04,RACE,Race,10122,10122
NHANES-2003-04,DURBRST,Breastfeeding duration (days),980,980
NHANES-2003-04,BIRTHWT,Birth weight (gm),3794,3794
NHANES-2005-06,SUBJIDO,Original Subject ID,10348,10348
NHANES-2005-06,SEX,Sex,10348,10348
NHANES-2005-06,RACE,Race,10348,10348
NHANES-2005-06,DURBRST,Breastfeeding duration (days),1235,1235
NHANES-2005-06,BIRTHWT,Birth weight (gm),4075,4075
NHANES-2007-08,SUBJIDO,Original Subject ID,10149,10149
NHANES-2007-08,SEX,Sex,10149,10149
NHANES-2007-08,RACE,Race,10149,10149
NHANES-2007-08,DURBRST,Breastfeeding duration (days),1092,1092
NHANES-2007-08,BIRTHWT,Birth weight (gm),3542,3542
NHANES-2009-10,SUBJIDO,Original Subject ID,10537,10537
NHANES-2009-10,SEX,Sex,10537,10537
NHANES-2009-10,RACE,Race,10537,10537
NHANES-2009-10,DURBRST,Breastfeeding duration (days),1322,1322
NHANES-2009-10,BIRTHWT,Birth weight (gm),3586,3586
NHANES-2011-12,SUBJIDO,Original Subject ID,9756,9756
NHANES-2011-12,SEX,Sex,9756,9756
NHANES-2011-12,RACE,Race,9756,9756
NHANES-2011-12,DURBRST,Breastfeeding duration (days),1314,1314
NHANES-2011-12,BIRTHWT,Birth weight (gm),3508,3508
ki0038874-GEMS-1,SEX,Sex,22567,22567
ki0038874-GEMS-1,ARMCD,Treatment Arm Code,22567,22567
ki0038874-GEMS-1,ARM,Treatment Arm,22567,22567
ki0038874-GEMS-1,CASEID,Subject ID of matched case,22567,22567
ki0038874-GEMS-1,AGEDTH,Age on day of death (days),223,223
ki0038874-GEMS-1,FEEDING,Feeding practice,22567,22567
ki0038874-GEMS-1,RESPREL,Respondent's relationship to child,22567,22567
ki0038874-GEMS-1A,SEX,Sex,14242,14242
ki0038874-GEMS-1A,ARMCD,Treatment Arm Code,14242,14242
ki0038874-GEMS-1A,ARM,Treatment Arm,14242,14242
ki0038874-GEMS-1A,CASEID,Subject ID of matched case,14242,14242
ki0038874-GEMS-1A,AGEDTH,Age on day of death (days),58,58
ki0038874-GEMS-1A,FEEDING,Feeding practice,8398,8398
ki0038874-GEMS-1A,RESPREL,Respondent's relationship to child,14242,14242
ki1000108-DSS,SUBJIDO,Original Subject ID,154371,154371
ki1000108-DSS,SEX,Sex,154371,154371
ki1000108-DSS,BRTHYR,Year of birth,154371,154371
ki1000108-DSS,BRTHWEEK,Week of Birth,56169,56169
ki1000112-MaliMMAM,SUBJIDO,Original Subject ID,520,520
ki1000112-MaliMMAM,SEX,Sex,520,520
ki1000112-MaliMMAM,ARMCD,Treatment Arm Code,289,289
ki1000112-MaliMMAM,ARM,Treatment Arm,289,289
ki1000119-GordonTwin,SUBJIDO,Original Subject ID,69,69
ki1000119-GordonTwin,FAMID,Family Identifier,69,69
ki1000119-GordonTwin,SEX,Sex,69,69
ki1000119-GordonTwin,ARMCD,Treatment Arm Code,69,69
ki1000119-GordonTwin,ARM,Treatment Arm,69,69
ki1000119-GordonTwin,FEEDING,Feeding practice,25,25
ki1000119-GordonTwin,ZYGOSITY,Zygosity,44,44
ki1000123-MAHANTrust,SUBJIDO,Original Subject ID,535,535
ki1000123-MAHANTrust,SEX,Sex,535,535
ki1000123-MAHANTrust,DEAD,Child is dead,535,535
ki1000123-MAHANTrust,AGEDTH,Age on day of death (days),535,535
ki1000123-MAHANTrust,CAUSEDTH,Cause of death,535,535
ki1000128-PEDIATRIX,SUBJIDO,Original Subject ID,1072682,1072682
ki1000128-PEDIATRIX,SEX,Sex,1072682,1072682
ki1000128-PEDIATRIX,RACE,Race,1072682,1072682
ki1000128-PEDIATRIX,STRATUMN,Stratum (num),1072682,1072682
ki1000128-PEDIATRIX,STRATUM,Stratum,1072682,1072682
ki1000128-PEDIATRIX,GAGEBRTH,Gestational age at birth (days),1071757,1071757
ki1000128-PEDIATRIX,AGEDTH,Age on day of death (days),22673,22673
ki1000128-PEDIATRIX,BRTHYR,Year of birth,1072648,1072648
ki1000128-PEDIATRIX,BIRTHWT,Birth weight (gm),1070192,1070192
ki1000128-PEDIATRIX,BIRTHLEN,Birth length (cm),982671,982671
ki1000128-PEDIATRIX,BIRTHHC,Birth head circumference (cm),987628,987628
ki1000128-PEDIATRIX,DELIVERY,Mode of delivery,1072682,1072682
ki1000128-PEDIATRIX,APGAR1,APGAR Score 1 min after birth,1038450,1038450
ki1000128-PEDIATRIX,APGAR5,APGAR Score 5 min after birth,1041519,1041519
ki1000128-PEDIATRIX,APGAR10,APGAR Score 10 min after birth,127086,127086
ki1000128-PEDIATRIX,MULTBRTH,Child of multiple births?,1072682,1072682
ki1000130-DutchGrowth1980,SUBJIDO,Original Subject ID,47564,47564
ki1000130-DutchGrowth1980,SEX,Sex,47564,47564
ki1000130-DutchGrowth1980,ETHNIC,Ethnicity,47564,47564
ki1000130-DutchGrowth1980,ARMCD,Treatment Arm Code,47564,47564
ki1000130-DutchGrowth1980,ARM,Treatment Arm,47564,47564
ki1000130-DutchGrowth1980,BRTHYR,Year of birth,47564,47564
ki1000130-DutchGrowth1980,BRTHWEEK,Week of Birth,47564,47564
ki1000130-DutchGrowth1980,BWTREPT,Reported birth weight (gm),8419,8419
ki1000130-DutchGrowth1997,SUBJIDO,Original Subject ID,20572,20572
ki1000130-DutchGrowth1997,SEX,Sex,20572,20572
ki1000130-DutchGrowth1997,ETHNIC,Ethnicity,20572,20572
ki1000130-DutchGrowth1997,ARMCD,Treatment Arm Code,20572,20572
ki1000130-DutchGrowth1997,ARM,Treatment Arm,20572,20572
ki1000130-DutchGrowth1997,GAGEBRTH,Gestational age at birth (days),6712,6712
ki1000130-DutchGrowth1997,FEEDING,Feeding practice,20572,20572
ki1000130-DutchGrowth1997,DURBRST,Breastfeeding duration (days),3815,3815
ki1000130-DutchGrowth1997,BRTHYR,Year of birth,20570,20570
ki1000130-DutchGrowth1997,BRTHWEEK,Week of Birth,20567,20567
ki1000130-DutchGrowth1997,BWTREPT,Reported birth weight (gm),13089,13089
ki1000130-DutchGrowth2010,SUBJIDO,Original Subject ID,20867,20867
ki1000130-DutchGrowth2010,SEX,Sex,20867,20867
ki1000130-DutchGrowth2010,ETHNIC,Ethnicity,20867,20867
ki1000130-DutchGrowth2010,ARMCD,Treatment Arm Code,20867,20867
ki1000130-DutchGrowth2010,ARM,Treatment Arm,20867,20867
ki1000130-DutchGrowth2010,GAGEBRTH,Gestational age at birth (days),5969,5969
ki1000130-DutchGrowth2010,BRTHYR,Year of birth,18892,18892
ki1000130-DutchGrowth2010,BRTHWEEK,Week of Birth,18892,18892
ki1000130-DutchGrowth2010,BWTREPT,Reported birth weight (gm),13325,13325
ki1000131-ChinaEMI,SUBJIDO,Original Subject ID,2115,2115
ki1000131-ChinaEMI,SEX,Sex,2115,2115
ki1000131-ChinaEMI,ARMCD,Treatment Arm Code,2115,2115
ki1000131-ChinaEMI,ARM,Treatment Arm,2115,2115
ki1000131-ChinaEMI,GAGEBRTH,Gestational age at birth (days),2094,2094
ki1000131-ChinaEMI,FEEDING,Feeding practice,2115,2115
ki1000131-ChinaEMI,BRTHYR,Year of birth,2111,2111
ki1000131-ChinaEMI,BRTHWEEK,Week of Birth,2111,2111
ki1000131-ChinaEMI,BWTREPT,Reported birth weight (gm),2112,2112
ki1000131-ChinaEMI,BIRTHLEN,Birth length (cm),2104,2104
ki1000131-ChinaEMI,DELIVERY,Mode of delivery,2101,2101
ki1000131-ChinaEMI,MULTBRTH,Child of multiple births?,1722,1722
ki1000145-Guangzhou Singleton,SUBJIDO,Original Subject ID,438439,438439
ki1000145-Guangzhou Singleton,SEX,Sex,438403,438403
ki1000145-Guangzhou Singleton,GAGEBRTH,Gestational age at birth (days),438272,438272
ki1000145-Guangzhou Singleton,DEAD,Child is dead,438434,438434
ki1000145-Guangzhou Singleton,CAUSEDTH,Cause of death,1387,1387
ki1000145-Guangzhou Singleton,BIRTHWT,Birth weight (gm),438404,438404
ki1000145-Guangzhou Singleton,BIRTHLEN,Birth length (cm),438408,438408
ki1000145-Guangzhou Singleton,DELIVERY,Mode of delivery,438439,438439
ki1000145-Guangzhou Singleton,APGAR1,APGAR Score 1 min after birth,436836,436836
ki1000145-Guangzhou Singleton,APGAR5,APGAR Score 5 min after birth,436629,436629
ki1000145-Guangzhou Singleton,APGAR10,APGAR Score 10 min after birth,436831,436831
ki1000145-Guangzhou Twin,SUBJIDO,Original Subject ID,40849,40849
ki1000145-Guangzhou Twin,SEX,Sex,40849,40849
ki1000145-Guangzhou Twin,GAGEBRTH,Gestational age at birth (days),40849,40849
ki1000145-Guangzhou Twin,BIRTHWT,Birth weight (gm),40849,40849
ki1000145-Guangzhou Twin,MULTBRTH,Child of multiple births?,40849,40849
ki1000201-CLR-China,SEX,Sex,18888,18888
ki1000201-CLR-China,ETHNIC,Ethnicity,9101,9101
ki1000201-CLR-China,STRATUMN,Stratum (num),18888,18888
ki1000201-CLR-China,STRATUM,Stratum,18888,18888
ki1000201-CLR-China,COHORTN,Subject Cohort (num),18888,18888
ki1000201-CLR-China,COHORT,Subject Cohort,18888,18888
ki1000201-Gansu,SUBJIDO,Original Subject ID,2686,2686
ki1000201-Gansu,SEX,Sex,2686,2686
ki1000201-Gansu,ARMCD,Treatment Arm Code,2686,2686
ki1000201-Gansu,ARM,Treatment Arm,2686,2686
ki1000201-GuizhouHelminth,SUBJIDO,Original Subject ID,2246,2246
ki1000201-GuizhouHelminth,SEX,Sex,2246,2246
ki1000201-GuizhouHelminth,STRATUMN,Stratum (num),2179,2179
ki1000201-GuizhouHelminth,STRATUM,Stratum,2179,2179
ki1000201-MHRC,SUBJIDO,Original Subject ID,54498,54498
ki1000201-MHRC,SEX,Sex,54498,54498
ki1000201-MHRC,STRATUMN,Stratum (num),54498,54498
ki1000201-MHRC,STRATUM,Stratum,54498,54498
ki1000202-ShaanxiCogHgb,SEX,Sex,3838,3838
ki1000302-TTBW,SEX,Sex,1776,1776
ki1000302-TTBW,COHORTN,Subject Cohort (num),1776,1776
ki1000302-TTBW,COHORT,Subject Cohort,1776,1776
ki1000302-TTBW,GAGEBRTH,Gestational age at birth (days),1767,1767
ki1000302-TTBW,AGEMNRCH,Age of menarche,496,496
ki1000302-TTBW,BRTHYR,Year of birth,1776,1776
ki1000302-TTBW,BIRTHWT,Birth weight (gm),1776,1776
ki1000302-TTBW,BIRTHLEN,Birth length (cm),526,526
ki1000302-TTBW,DELIVERY,Mode of delivery,1776,1776
ki1000302-TTBW,BRTHPRES,Birth presentation,496,496
ki1000305-CordBloodCytometry,SUBJIDO,Original Subject ID,541,541
ki1000305-CordBloodCytometry,SEX,Sex,541,541
ki1000305-CordBloodCytometry,GAGEBRTH,Gestational age at birth (days),360,360
ki1000305-CordBloodCytometry,BRTHYR,Year of birth,541,541
ki1000305-CordBloodCytometry,BIRTHWT,Birth weight (gm),541,541
ki1000305-CordBloodCytometry,BIRTHLEN,Birth length (cm),536,536
ki1000305-CordBloodCytometry,BIRTHHC,Birth head circumference (cm),536,536
ki1000305-CordBloodCytometry,DELIVERY,Mode of delivery,540,540
ki1000305-CordBloodCytometry,APGAR1,APGAR Score 1 min after birth,541,541
ki1000305-CordBloodCytometry,APGAR5,APGAR Score 5 min after birth,541,541
ki1000305-CordBloodCytometry,MULTBRTH,Child of multiple births?,530,530
ki1100553-CANDLE,SEX,Sex,1463,1463
ki1100553-CANDLE,RACE,Race,1463,1463
ki1100553-CANDLE,GAGEBRTH,Gestational age at birth (days),1459,1459
ki1100553-CANDLE,AGEDTH,Age on day of death (days),6,6
ki1100553-CANDLE,CAUSEDTH,Cause of death,6,6
ki1100553-CANDLE,BIRTHWT,Birth weight (gm),1454,1454
ki1100553-CANDLE,BIRTHLEN,Birth length (cm),1411,1411
ki1100553-CANDLE,BIRTHHC,Birth head circumference (cm),1400,1400
ki1100553-CANDLE,APGAR1,APGAR Score 1 min after birth,1452,1452
ki1100553-CANDLE,APGAR5,APGAR Score 5 min after birth,1452,1452
ki1112895-Bangladesh Rice,SEX,Sex,548,548
ki1112895-Bangladesh Rice,FEEDING,Feeding practice,548,548
ki1125811-Maya Guatemala USA,SUBJIDO,Original Subject ID,3493,3493
ki1125811-Maya Guatemala USA,SEX,Sex,3493,3493
ki1125811-Maya Guatemala USA,ETHNIC,Ethnicity,3493,3493
ki1125811-Maya Guatemala USA,BRTHYR,Year of birth,758,758
ki1125811-Maya Refugees Mexico,SUBJIDO,Original Subject ID,322,322
ki1125811-Maya Refugees Mexico,SEX,Sex,322,322
ki1125811-MayaDualBurden,SUBJIDO,Original Subject ID,58,58
ki1125811-MayaDualBurden,SEX,Sex,58,58
ki1125811-MayaDualBurden,GAGEBRTH,Gestational age at birth (days),57,57
ki1125811-MayaDualBurden,DURBRST,Breastfeeding duration (days),58,58
ki1125811-MayaDualBurden,BRTHYR,Year of birth,58,58
ki1125811-MayaDualBurden,BIRTHWT,Birth weight (gm),56,56
ki1127337-MatlabD,SUBJIDO,Original Subject ID,2734,2734
ki1127337-MatlabD,SEX,Sex,2734,2734
ki1127337-MatlabD,DEAD,Child is dead,2734,2734
ki1127337-MatlabD,AGEDTH,Age on day of death (days),38,38
ki1127337-MatlabD,CAUSEDTH,Cause of death,38,38
ki1127337-MatlabD,BRTHYR,Year of birth,2728,2728
ki1127337-MatlabD,BRTHWEEK,Week of Birth,2728,2728
ki1127337-MatlabD,BIRTHWT,Birth weight (gm),2681,2681
ki1127337-MatlabD,BIRTHLEN,Birth length (cm),2663,2663
ki1127337-MatlabD,DELIVERY,Mode of delivery,2727,2727
ki1127337-MatlabD,APGAR1,APGAR Score 1 min after birth,2679,2679
ki1127337-MatlabD,APGAR5,APGAR Score 5 min after birth,2678,2678
ki1127337-MatlabD,APGAR15,APGAR Score 15 min after birth,2392,2392
ki1127337-MatlabD,CRY,Child cried after birth ?,2683,2683
ki1127337-MatlabKMC,SUBJIDO,Original Subject ID,430,430
ki1127337-MatlabKMC,SEX,Sex,430,430
ki1127337-MatlabKMC,GAGEBRTH,Gestational age at birth (days),160,160
ki1127337-MatlabKMC,DEAD,Child is dead,27,27
ki1127337-MatlabKMC,AGEDTH,Age on day of death (days),27,27
ki1127337-MatlabKMC,CAUSEDTH,Cause of death,27,27
ki1127337-MatlabKMC,FEEDING,Feeding practice,430,430
ki1127337-MatlabKMC,BRTHYR,Year of birth,430,430
ki1127337-MatlabKMC,BRTHWEEK,Week of Birth,430,430
ki1127337-MatlabKMC,BIRTHWT,Birth weight (gm),227,227
ki1127337-MatlabKMC,BIRTHLEN,Birth length (cm),202,202
ki1127337-MatlabKMC,APGAR1,APGAR Score 1 min after birth,159,159
ki1127337-MatlabKMC,APGAR5,APGAR Score 5 min after birth,127,127
ki1127337-MatlabKMC,APGAR10,APGAR Score 10 min after birth,101,101
ki1127337-MatlabKMC,APGAR15,APGAR Score 15 min after birth,145,145
ki1127337-MatlabKMC,CRY,Child cried after birth ?,282,282
ki1127337-MatlabKMC,IMMBCG,Child received BCG vaccine?,345,345
ki1127337-MatlabKMC,IMMOPV,Child received OPV vaccine?,345,345
ki1127337-MatlabN,SUBJIDO,Original Subject ID,1523,1523
ki1127337-MatlabN,SEX,Sex,1523,1523
ki1127337-MatlabN,DEAD,Child is dead,33,33
ki1127337-MatlabN,AGEDTH,Age on day of death (days),33,33
ki1127337-MatlabN,CAUSEDTH,Cause of death,33,33
ki1127337-MatlabN,FEEDING,Feeding practice,1523,1523
ki1127337-MatlabN,BRTHYR,Year of birth,1523,1523
ki1127337-MatlabN,BRTHWEEK,Week of Birth,1523,1523
ki1127337-MatlabN,IMMBCG,Child received BCG vaccine?,1289,1289
ki1127337-MatlabN,IMMOPV,Child received OPV vaccine?,1292,1292
CPP,SUBJIDO,Original Subject ID,59391,59391
CPP,SEX,Sex,55923,55923
CPP,GAGEBRTH,Gestational age at birth (days),28447,28447
CPP,BRTHYR,Year of birth,54797,54797
CPP,BIRTHWT,Birth weight (gm),55760,55760
CPP,BIRTHLEN,Birth length (cm),52496,52496
CPP,BIRTHHC,Birth head circumference (cm),52717,52717
CPP,APGAR1,APGAR Score 1 min after birth,50621,50621
CPP,APGAR5,APGAR Score 5 min after birth,50607,50607
CPP,CRY,Child cried after birth ?,42135,42135
NHLBI-DISC,SUBJIDO,Original Subject ID,663,663
NHLBI-DISC,SEX,Sex,663,663
NHLBI-DISC,RACE,Race,663,663
NHLBI-DISC,ARMCD,Treatment Arm Code,663,663
NHLBI-DISC,ARM,Treatment Arm,663,663
NHLBI-DISC,AGEMNRCH,Age of menarche,256,256
NHLBI-TAAG,SUBJIDO,Original Subject ID,11985,11985
NHLBI-TAAG,SEX,Sex,11985,11985
NHLBI-TAAG,RACE,Race,6754,6754
NHLBI-TAAG,ETHNIC,Ethnicity,1814,1814
NHLBI-TAAG,ARMCD,Treatment Arm Code,11985,11985
NHLBI-TAAG,ARM,Treatment Arm,11985,11985
NICHD-FGS,SUBJIDO,Original Subject ID,2334,2334
NICHD-FGS,SEX,Sex,2130,2130
NICHD-FGS,RACE,Race,2334,2334
NICHD-FGS,ETHNIC,Ethnicity,2334,2334
ki0047075-MAL-ED,SUBJIDO,Original Subject ID,2145,2145
ki0047075-MAL-ED,SEX,Sex,2145,2145
ki0047075-MAL-ED,RACE,Race,9,9
ki0047075-MAL-ED,DEAD,Child is dead,2145,2145
ki0047075-MAL-ED,AGEDTH,Age on day of death (days),19,19
ki0047075-MAL-ED,BIRTHWT,Birth weight (gm),1771,1771
ki0047075-MAL-ED,BIRTHLEN,Birth length (cm),54,54
ki0047075-MAL-ED,BIRTHHC,Birth head circumference (cm),54,54
ki0047075-MAL-ED,IMMBCG,Child received BCG vaccine?,2145,2145
ki0047075-MAL-ED,IMMOPV,Child received OPV vaccine?,2145,2145
ki1000108-CMC-V-BCS-2002,SEX,Sex,373,373
ki1000108-CMC-V-BCS-2002,FEEDING,Feeding practice,373,373
ki1000108-CMC-V-BCS-2002,BRTHYR,Year of birth,373,373
ki1000108-CMC-V-BCS-2002,BRTHWEEK,Week of Birth,373,373
ki1000108-CMC-V-BCS-2002,BIRTHWT,Birth weight (gm),373,373
ki1000108-CMC-V-BCS-2002,BIRTHLEN,Birth length (cm),103,103
ki1000108-CMC-V-BCS-2002,DELIVERY,Mode of delivery,373,373
ki1000108-CMC-V-BCS-2002,APGAR5,APGAR Score 5 min after birth,113,113
ki1000108-CMC-V-BCS-2002,CRY,Child cried after birth ?,368,368
ki1000108-IRC,SUBJIDO,Original Subject ID,410,410
ki1000108-IRC,SEX,Sex,410,410
ki1000108-IRC,GAGEBRTH,Gestational age at birth (days),390,390
ki1000108-IRC,BIRTHWT,Birth weight (gm),410,410
ki1000108-IRC,BIRTHLEN,Birth length (cm),398,398
ki1000108-IRC,DELIVERY,Mode of delivery,410,410
ki1000108-IRC,APGAR5,APGAR Score 5 min after birth,170,170
ki1000108-IRC,CRY,Child cried after birth ?,403,403
ki1000108-TDC,SEX,Sex,160,160
ki1000108-TDC,FEEDING,Feeding practice,160,160
ki1000108-TDC,BRTHYR,Year of birth,160,160
ki1000108-TDC,BRTHWEEK,Week of Birth,160,160
ki1000108-TDC,BIRTHWT,Birth weight (gm),151,151
ki1000108-TDC,BIRTHLEN,Birth length (cm),21,21
ki1000108-TDC,DELIVERY,Mode of delivery,160,160
ki1000109-EE,SEX,Sex,380,380
ki1000109-EE,GAGEBRTH,Gestational age at birth (days),380,380
ki1000109-EE,FEEDING,Feeding practice,358,358
ki1000109-EE,BIRTHWT,Birth weight (gm),380,380
ki1000109-EE,CRY,Child cried after birth ?,380,380
ki1000109-EE,IMMBCG,Child received BCG vaccine?,379,379
ki1000109-EE,IMMOPV,Child received OPV vaccine?,379,379
ki1000109-EE,RESPREL,Respondent's relationship to child,379,379
ki1000109-Grip,SEX,Sex,203,203
ki1000109-ResPak,SEX,Sex,278,278
ki1000110-WASH-Bangladesh,CLUSTID,Cluster Identifier,10858,10858
ki1000110-WASH-Bangladesh,HHID,Household Identifier,10858,10858
ki1000110-WASH-Bangladesh,SEX,Sex,10858,10858
ki1000110-WASH-Bangladesh,ARMCD,Treatment Arm Code,10858,10858
ki1000110-WASH-Bangladesh,ARM,Treatment Arm,10858,10858
ki1000110-WASH-Bangladesh,STRATUMN,Stratum (num),10858,10858
ki1000110-WASH-Bangladesh,STRATUM,Stratum,10858,10858
ki1000110-WASH-Bangladesh,BRTHYR,Year of birth,10858,10858
ki1000110-WASH-Bangladesh,BRTHWEEK,Week of Birth,10858,10858
ki1000111-WASH-Kenya,CLUSTID,Cluster Identifier,12672,12672
ki1000111-WASH-Kenya,HHID,Household Identifier,12672,12672
ki1000111-WASH-Kenya,SEX,Sex,12590,12590
ki1000111-WASH-Kenya,ARMCD,Treatment Arm Code,12672,12672
ki1000111-WASH-Kenya,ARM,Treatment Arm,12672,12672
ki1000111-WASH-Kenya,STRATUMN,Stratum (num),12672,12672
ki1000111-WASH-Kenya,STRATUM,Stratum,12672,12672
ki1000111-WASH-Kenya,COHORTN,Subject Cohort (num),12672,12672
ki1000111-WASH-Kenya,COHORT,Subject Cohort,12672,12672
ki1000111-WASH-Kenya,BRTHYR,Year of birth,12490,12490
ki1000111-WASH-Kenya,BRTHWEEK,Week of Birth,12490,12490
ki1000117-Detroit-Longitudinal,SUBJIDO,Original Subject ID,482,482
ki1000117-Detroit-Longitudinal,SEX,Sex,480,480
ki1000117-Detroit-Longitudinal,GAGEBRTH,Gestational age at birth (days),480,480
ki1000117-Detroit-Longitudinal,DURBRST,Breastfeeding duration (days),383,383
ki1000117-Detroit-Longitudinal,BIRTHWT,Birth weight (gm),480,480
ki1000117-Detroit-Longitudinal,BIRTHLEN,Birth length (cm),471,471
ki1000117-Detroit-Longitudinal,BIRTHHC,Birth head circumference (cm),469,469
ki1000125-AgaKhanUniv,SUBJIDO,Original Subject ID,1769,1769
ki1000125-AgaKhanUniv,SEX,Sex,1769,1769
ki1000125-AgaKhanUniv,ARMCD,Treatment Arm Code,1769,1769
ki1000125-AgaKhanUniv,ARM,Treatment Arm,1769,1769
ki1000125-AgaKhanUniv,BIRTHWT,Birth weight (gm),53,53
ki1000130-POPS,SUBJIDO,Original Subject ID,1338,1338
ki1000130-POPS,SEX,Sex,1334,1334
ki1000130-POPS,ETHNIC,Ethnicity,1338,1338
ki1000130-POPS,GAGEBRTH,Gestational age at birth (days),1338,1338
ki1000130-POPS,DEAD,Child is dead,1338,1338
ki1000130-POPS,BIRTHWT,Birth weight (gm),1338,1338
ki1000130-SMOCC,SUBJIDO,Original Subject ID,2151,2151
ki1000130-SMOCC,SEX,Sex,2151,2151
ki1000130-SMOCC,GAGEBRTH,Gestational age at birth (days),2124,2124
ki1000130-SMOCC,DEAD,Child is dead,2151,2151
ki1000130-SMOCC,AGEDTH,Age on day of death (days),10,10
ki1000130-SMOCC,CAUSEDTH,Cause of death,10,10
ki1000130-SMOCC,FEEDING,Feeding practice,2151,2151
ki1000130-SMOCC,BIRTHWT,Birth weight (gm),2125,2125
ki1000130-SMOCC,BIRTHLEN,Birth length (cm),1823,1823
ki1000130-SMOCC,BIRTHHC,Birth head circumference (cm),977,977
ki1000130-SMOCC,DELIVERY,Mode of delivery,2151,2151
ki1000130-SMOCC,APGAR1,APGAR Score 1 min after birth,1763,1763
ki1000130-SMOCC,APGAR5,APGAR Score 5 min after birth,1789,1789
ki1000130-SMOCC,RESPREL,Respondent's relationship to child,2088,2088
ki1000133-UMN-Amplatz,SUBJIDO,Original Subject ID,56,56
ki1000133-UMN-Amplatz,SEX,Sex,56,56
ki1000133-UMN-Amplatz,GAGEBRTH,Gestational age at birth (days),56,56
ki1000133-UMN-Amplatz,FEEDING,Feeding practice,56,56
ki1000133-UMN-Amplatz,BRTHYR,Year of birth,56,56
ki1000133-UMN-Amplatz,BRTHWEEK,Week of Birth,56,56
ki1000133-UMN-Amplatz,BIRTHWT,Birth weight (gm),56,56
ki1000133-UMN-Amplatz,BIRTHLEN,Birth length (cm),56,56
ki1000133-UMN-Amplatz,BIRTHHC,Birth head circumference (cm),56,56
ki1000133-UMN-Amplatz,DELIVERY,Mode of delivery,56,56
ki1000133-UMN-Amplatz,APGAR1,APGAR Score 1 min after birth,53,53
ki1000133-UMN-Amplatz,APGAR5,APGAR Score 5 min after birth,53,53
ki1000133-UMN-Amplatz,APGAR10,APGAR Score 10 min after birth,13,13
ki1000133-UMN-Amplatz,AGESOLID,Age at introducing solid foods,12,12
ki1000133-UMN-MINNoWS,SUBJIDO,Original Subject ID,116,116
ki1000133-UMN-MINNoWS,SEX,Sex,116,116
ki1000133-UMN-MINNoWS,RACE,Race,90,90
ki1000133-UMN-MINNoWS,ETHNIC,Ethnicity,90,90
ki1000133-UMN-MINNoWS,COHORTN,Subject Cohort (num),116,116
ki1000133-UMN-MINNoWS,COHORT,Subject Cohort,116,116
ki1000133-UMN-MINNoWS,GAGEBRTH,Gestational age at birth (days),116,116
ki1000133-UMN-MINNoWS,FEEDING,Feeding practice,116,116
ki1000133-UMN-MINNoWS,BRTHYR,Year of birth,116,116
ki1000133-UMN-MINNoWS,BRTHWEEK,Week of Birth,116,116
ki1000133-UMN-MINNoWS,BIRTHWT,Birth weight (gm),114,114
ki1000133-UMN-MINNoWS,BIRTHLEN,Birth length (cm),91,91
ki1000133-UMN-MOD,SUBJIDO,Original Subject ID,47,47
ki1000133-UMN-MOD,SEX,Sex,47,47
ki1000133-UMN-MOD,GAGEBRTH,Gestational age at birth (days),47,47
ki1000133-UMN-MOD,FEEDING,Feeding practice,47,47
ki1000133-UMN-MOD,BRTHYR,Year of birth,47,47
ki1000133-UMN-MOD,BRTHWEEK,Week of Birth,47,47
ki1000133-UMN-MOD,BIRTHWT,Birth weight (gm),47,47
ki1000133-UMN-MOD,BIRTHLEN,Birth length (cm),47,47
ki1000133-UMN-MOD,BIRTHHC,Birth head circumference (cm),47,47
ki1000133-UMN-MOD,DELIVERY,Mode of delivery,47,47
ki1000133-UMN-MOD,APGAR1,APGAR Score 1 min after birth,45,45
ki1000133-UMN-MOD,APGAR5,APGAR Score 5 min after birth,45,45
ki1000133-UMN-MOD,APGAR10,APGAR Score 10 min after birth,8,8
ki1000133-UMN-MOD,AGESOLID,Age at introducing solid foods,12,12
ki1000133-UMN-NORM,SEX,Sex,170,170
ki1000133-UMN-NORM,RACE,Race,170,170
ki1000133-UMN-NORM,ETHNIC,Ethnicity,170,170
ki1000133-UMN-NORM,GAGEBRTH,Gestational age at birth (days),170,170
ki1000133-UMN-NORM,BRTHYR,Year of birth,170,170
ki1000133-UMN-NORM,BIRTHWT,Birth weight (gm),170,170
ki1000145-BIGCS Ultrasound,SUBJIDO,Original Subject ID,3423,3423
ki1000145-BIGCS Ultrasound,SEX,Sex,3423,3423
ki1000145-BIGCS Ultrasound,GAGEBRTH,Gestational age at birth (days),3423,3423
ki1000145-BIGCS Ultrasound,FEEDING,Feeding practice,2986,2986
ki1000145-BIGCS Ultrasound,BIRTHWT,Birth weight (gm),3423,3423
ki1000145-BIGCS Ultrasound,BIRTHLEN,Birth length (cm),3422,3422
ki1000145-BIGCS Ultrasound,BIRTHHC,Birth head circumference (cm),373,373
ki1000145-BIGCS Ultrasound,DELIVERY,Mode of delivery,3376,3376
ki1000153-HealthyStart,SEX,Sex,1410,1410
ki1000153-HealthyStart,GAGEBRTH,Gestational age at birth (days),1332,1332
ki1000153-HealthyStart,DEAD,Child is dead,1322,1322
ki1000153-HealthyStart,FEEDING,Feeding practice,1410,1410
ki1000153-HealthyStart,DURBRST,Breastfeeding duration (days),311,311
ki1000153-HealthyStart,BRTHYR,Year of birth,1364,1364
ki1000153-HealthyStart,BRTHWEEK,Week of Birth,1364,1364
ki1000153-HealthyStart,BWTREPT,Reported birth weight (gm),927,927
ki1000153-HealthyStart,BLENREPT,Reported birth length (cm),908,908
ki1000153-HealthyStart,BIRTHWT,Birth weight (gm),1310,1310
ki1000153-HealthyStart,BIRTHLEN,Birth length (cm),1202,1202
ki1000153-HealthyStart,DELIVERY,Mode of delivery,369,369
ki1000153-HealthyStart,APGAR1,APGAR Score 1 min after birth,1291,1291
ki1000153-HealthyStart,APGAR5,APGAR Score 5 min after birth,1290,1290
ki1000153-HealthyStart,APGAR10,APGAR Score 10 min after birth,59,59
ki1000156-Dutch Famine,SUBJIDO,Original Subject ID,2414,2414
ki1000156-Dutch Famine,SEX,Sex,2414,2414
ki1000156-Dutch Famine,GAGEBRTH,Gestational age at birth (days),2044,2044
ki1000156-Dutch Famine,DEAD,Child is dead,2414,2414
ki1000156-Dutch Famine,FEEDING,Feeding practice,2162,2162
ki1000156-Dutch Famine,BIRTHWT,Birth weight (gm),2414,2414
ki1000156-Dutch Famine,BIRTHLEN,Birth length (cm),2414,2414
ki1000156-Dutch Famine,BIRTHHC,Birth head circumference (cm),2414,2414
ki1000162-Bogalusa,SEX,Sex,11796,11796
ki1000162-Bogalusa,RACE,Race,11796,11796
ki1000162-Bogalusa,AGEMNRCH,Age of menarche,2964,2964
ki1000162-Bogalusa,RESPREL,Respondent's relationship to child,11796,11796
ki1000162-Bogalusa,SMOKSTAT,Smoking status,8490,8490
ki1000162-Bogalusa,SMOKYRS,Years smoked,105,105
ki1000162-Bogalusa,SMOKAMT,Amount smoked,159,159
ki1000162-Bogalusa,AGESMKSP,Age (yrs) smoking stopped,157,157
ki1000162-Bogalusa,ETOHSTAT,Alcohol consumption status,860,860
ki1000162-Bogalusa,ETOHYRS,Years drinking alcohol,336,336
ki1000162-Bogalusa,ETOHAMT,Amount of alcohol consumed,679,679
ki1000162-Bogalusa,HYSTCTMY,Subject had a hysterectomy,285,285
ki1000301-DIVIDS,SEX,Sex,2100,2100
ki1000301-DIVIDS,RACE,Race,2100,2100
ki1000301-DIVIDS,ARMCD,Treatment Arm Code,2100,2100
ki1000301-DIVIDS,ARM,Treatment Arm,2100,2100
ki1000301-DIVIDS,DEAD,Child is dead,16,16
ki1000301-DIVIDS,AGEDTH,Age on day of death (days),16,16
ki1000301-DIVIDS,CAUSEDTH,Cause of death,14,14
ki1000301-DIVIDS,CAUSDTHC,Contributing cause of death,14,14
ki1000301-DIVIDS,BRTHYR,Year of birth,2100,2100
ki1000301-DIVIDS,BIRTHWT,Birth weight (gm),2100,2100
ki1000301-DIVIDS,BIRTHLEN,Birth length (cm),2094,2094
ki1000301-DIVIDS,BIRTHHC,Birth head circumference (cm),2096,2096
ki1000301-DIVIDS,DELIVERY,Mode of delivery,2100,2100
ki1000301-DIVIDS,APGAR10,APGAR Score 10 min after birth,1292,1292
ki1000301-DIVIDS,IMMOPV,Child received OPV vaccine?,1689,1689
ki1000303-BtS,CLUSTID,Cluster Identifier,611,611
ki1000303-BtS,SEX,Sex,611,611
ki1000303-BtS,BRTHYR,Year of birth,610,610
ki1000303-BtS,BRTHWEEK,Week of Birth,610,610
ki1000303-BtS,BWTREPT,Reported birth weight (gm),25,25
ki1000303-BtS,BIRTHWT,Birth weight (gm),6,6
ki1000304-EU,SEX,Sex,2482,2482
ki1000304-EU,ARMCD,Treatment Arm Code,2482,2482
ki1000304-EU,ARM,Treatment Arm,2482,2482
ki1000304-EU,PREGOUT,Pregnancy outcome,2482,2482
ki1000304-EU,BRTHYR,Year of birth,2482,2482
ki1000304-EU,BRTHWEEK,Week of Birth,2482,2482
ki1000304-NEOVITA,SUBJIDO,Original Subject ID,44984,44984
ki1000304-NEOVITA,SEX,Sex,44984,44984
ki1000304-NEOVITA,ARMCD,Treatment Arm Code,44984,44984
ki1000304-NEOVITA,ARM,Treatment Arm,44984,44984
ki1000304-NEOVITA,GAGEBRTH,Gestational age at birth (days),44659,44659
ki1000304-NEOVITA,PREGOUT,Pregnancy outcome,44984,44984
ki1000304-NEOVITA,DEAD,Child is dead,1818,1818
ki1000304-NEOVITA,AGEDTH,Age on day of death (days),1818,1818
ki1000304-NEOVITA,BRTHYR,Year of birth,44984,44984
ki1000304-NEOVITA,BRTHWEEK,Week of Birth,44984,44984
ki1000304-NEOVITA,BIRTHWT,Birth weight (gm),44975,44975
ki1000304-NEOVITA,DELIVERY,Mode of delivery,44984,44984
ki1000304-ZnMort,SUBJIDO,Original Subject ID,94359,94359
ki1000304-ZnMort,SEX,Sex,94359,94359
ki1000304-ZnMort,ARMCD,Treatment Arm Code,94359,94359
ki1000304-ZnMort,ARM,Treatment Arm,94359,94359
ki1000304-ZnMort,PREGOUT,Pregnancy outcome,94359,94359
ki1000304-ZnMort,BRTHYR,Year of birth,94359,94359
ki1000304-ZnMort,BRTHWEEK,Week of Birth,94359,94359
ki1000304-ZnMort,BWTREPT,Reported birth weight (gm),17537,17537
ki1000304-ZnMort,BIRTHWT,Birth weight (gm),4744,4744
ki1000304b-SAS-CompFeed,SUBJIDO,Original Subject ID,1535,1535
ki1000304b-SAS-CompFeed,SEX,Sex,1535,1535
ki1000304b-SAS-CompFeed,ARMCD,Treatment Arm Code,1025,1025
ki1000304b-SAS-CompFeed,ARM,Treatment Arm,1025,1025
ki1000304b-SAS-CompFeed,GAGEBRTH,Gestational age at birth (days),1517,1517
ki1000304b-SAS-CompFeed,DURBRST,Breastfeeding duration (days),228,228
ki1000304b-SAS-CompFeed,BRTHYR,Year of birth,1535,1535
ki1000304b-SAS-CompFeed,BRTHWEEK,Week of Birth,1535,1535
ki1000304b-SAS-CompFeed,BWTREPT,Reported birth weight (gm),1525,1525
ki1000304b-SAS-CompFeed,BLENREPT,Reported birth length (cm),1520,1520
ki1000304b-SAS-CompFeed,IMMBCG,Child received BCG vaccine?,1011,1011
ki1000304b-SAS-CompFeed,IMMOPV,Child received OPV vaccine?,1011,1011
ki1000304b-SAS-FoodSuppl,SEX,Sex,418,418
ki1000304b-SAS-FoodSuppl,ARMCD,Treatment Arm Code,418,418
ki1000304b-SAS-FoodSuppl,ARM,Treatment Arm,418,418
ki1000304b-SAS-FoodSuppl,STRATUMN,Stratum (num),418,418
ki1000304b-SAS-FoodSuppl,STRATUM,Stratum,418,418
ki1000304b-SAS-FoodSuppl,FEEDING,Feeding practice,409,409
ki1000304b-SAS-FoodSuppl,BRTHYR,Year of birth,418,418
ki1000304b-SAS-FoodSuppl,BRTHWEEK,Week of Birth,418,418
ki1000304b-SAS-FoodSuppl,IMMBCG,Child received BCG vaccine?,418,418
ki1000304b-SAS-FoodSuppl,IMMOPV,Child received OPV vaccine?,418,418
ki1000304b-ZincInf,SEX,Sex,374,374
ki1000304b-ZincInf,ARMCD,Treatment Arm Code,374,374
ki1000304b-ZincInf,ARM,Treatment Arm,374,374
ki1000304b-ZincInf,DURBRST,Breastfeeding duration (days),25,25
ki1000304b-ZincInf,BRTHYR,Year of birth,374,374
ki1000304b-ZincInf,BRTHWEEK,Week of Birth,374,374
ki1000304c-IMNCI,SUBJIDO,Original Subject ID,61978,61978
ki1000304c-IMNCI,HHID,Household Identifier,61978,61978
ki1000304c-IMNCI,SEX,Sex,61978,61978
ki1000304c-IMNCI,ARMCD,Treatment Arm Code,61978,61978
ki1000304c-IMNCI,ARM,Treatment Arm,61978,61978
ki1000304c-IMNCI,PREGOUT,Pregnancy outcome,61978,61978
ki1000304c-IMNCI,DEAD,Child is dead,61978,61978
ki1000304c-IMNCI,AGEDTH,Age on day of death (days),4057,4057
ki1000304c-IMNCI,FEEDING,Feeding practice,4050,4050
ki1000304c-IMNCI,DURBRST,Breastfeeding duration (days),4052,4052
ki1000304c-IMNCI,BRTHYR,Year of birth,61978,61978
ki1000304c-IMNCI,BRTHWEEK,Week of Birth,61978,61978
ki1000304c-IMNCI,BWTREPT,Reported birth weight (gm),30196,30196
ki1000304c-IMNCI,BIRTHWT,Birth weight (gm),3741,3741
ki1000304c-IMNCI,IMMBCG,Child received BCG vaccine?,12367,12367
ki1000304c-IMNCI,IMMOPV,Child received OPV vaccine?,12367,12367
ki1017093-NIH-Birth,SEX,Sex,629,629
ki1017093-NIH-Preschool,SEX,Sex,529,529
ki1017093-NIH-Preschool,ARMCD,Treatment Arm Code,289,289
ki1017093-NIH-Preschool,ARM,Treatment Arm,289,289
ki1017093-NIH-Preschool,DURBRST,Breastfeeding duration (days),529,529
ki1017093-NIH-Preschool,IMMBCG,Child received BCG vaccine?,448,448
ki1017093-NIH-Preschool,IMMOPV,Child received OPV vaccine?,515,515
ki1017093b-PROVIDE,SUBJIDO,Original Subject ID,700,700
ki1017093b-PROVIDE,SEX,Sex,700,700
ki1017093b-PROVIDE,ARMCD,Treatment Arm Code,700,700
ki1017093b-PROVIDE,ARM,Treatment Arm,700,700
ki1017093b-PROVIDE,DEAD,Child is dead,700,700
ki1017093b-PROVIDE,AGEDTH,Age on day of death (days),5,5
ki1017093b-PROVIDE,FEEDING,Feeding practice,700,700
ki1017093b-PROVIDE,DURBRST,Breastfeeding duration (days),700,700
ki1017093b-PROVIDE,AGEMNRCH,Age of menarche,700,700
ki1017093b-PROVIDE,BIRTHWT,Birth weight (gm),700,700
ki1017093b-PROVIDE,BIRTHLEN,Birth length (cm),700,700
ki1017093b-PROVIDE,DELIVERY,Mode of delivery,700,700
ki1017093b-PROVIDE,IMMBCG,Child received BCG vaccine?,700,700
ki1017093c-NIH-Crypto,SUBJIDO,Original Subject ID,758,758
ki1017093c-NIH-Crypto,SEX,Sex,758,758
ki1017093c-NIH-Crypto,PREGOUT,Pregnancy outcome,758,758
ki1017093c-NIH-Crypto,FEEDING,Feeding practice,697,697
ki1017093c-NIH-Crypto,BIRTHWT,Birth weight (gm),758,758
ki1017093c-NIH-Crypto,DELIVERY,Mode of delivery,500,500
ki1066203-TanzaniaChild2,SEX,Sex,2400,2400
ki1066203-TanzaniaChild2,ARMCD,Treatment Arm Code,2400,2400
ki1066203-TanzaniaChild2,ARM,Treatment Arm,2400,2400
ki1066203-TanzaniaChild2,GAGEBRTH,Gestational age at birth (days),2258,2258
ki1066203-TanzaniaChild2,AGEDTH,Age on day of death (days),1,1
ki1066203-TanzaniaChild2,BRTHYR,Year of birth,2400,2400
ki1066203-TanzaniaChild2,BRTHWEEK,Week of Birth,2400,2400
ki1066203-TanzaniaChild2,BIRTHWT,Birth weight (gm),2375,2375
ki1066203-TanzaniaChild2,BIRTHHC,Birth head circumference (cm),849,849
ki1066203-TanzaniaChild2,DELIVERY,Mode of delivery,2371,2371
ki1066203-TanzaniaChild2,APGAR5,APGAR Score 5 min after birth,2212,2212
ki1101329-Keneba,SEX,Sex,2954,2954
ki1101329-Keneba,GAGEBRTH,Gestational age at birth (days),1713,1713
ki1101329-Keneba,DEAD,Child is dead,100,100
ki1101329-Keneba,AGEDTH,Age on day of death (days),100,100
ki1101329-Keneba,BRTHYR,Year of birth,2954,2954
ki1101329-Keneba,BRTHWEEK,Week of Birth,2954,2954
ki1101329-Keneba,BWTREPT,Reported birth weight (gm),2116,2116
ki1101329-Keneba,BIRTHLEN,Birth length (cm),1550,1550
ki1101329-Keneba,BIRTHHC,Birth head circumference (cm),1730,1730
ki1112895-Bangladesh Diarrhea,SEX,Sex,197,197
ki1112895-Burkina Faso Zn,SEX,Sex,7641,7641
ki1112895-Burkina Faso Zn,ARMCD,Treatment Arm Code,7641,7641
ki1112895-Burkina Faso Zn,ARM,Treatment Arm,7641,7641
ki1112895-Ecuador Zn,SUBJIDO,Original Subject ID,646,646
ki1112895-Ecuador Zn,SEX,Sex,646,646
ki1112895-Ecuador Zn,ARMCD,Treatment Arm Code,631,631
ki1112895-Ecuador Zn,ARM,Treatment Arm,631,631
ki1112895-Ecuador Zn,BIRTHWT,Birth weight (gm),52,52
ki1112895-Ecuador Zn,BIRTHLEN,Birth length (cm),47,47
ki1112895-Guatemala BSC,SEX,Sex,315,315
ki1112895-Guatemala BSC,ARMCD,Treatment Arm Code,259,259
ki1112895-Guatemala BSC,ARM,Treatment Arm,259,259
ki1112895-Peru Huascar,SEX,Sex,153,153
ki1112895-Peru PersistDiarrhea,SUBJIDO,Original Subject ID,412,412
ki1112895-Peru PersistDiarrhea,SEX,Sex,412,412
ki1112895-Peru PersistDiarrhea,ARMCD,Treatment Arm Code,412,412
ki1112895-Peru PersistDiarrhea,ARM,Treatment Arm,412,412
ki1112895-Peru PersistDiarrhea,STRATUMN,Stratum (num),412,412
ki1112895-Peru PersistDiarrhea,STRATUM,Stratum,412,412
ki1112895-Peru Zn,SEX,Sex,302,302
ki1112895-Peru Zn,ARMCD,Treatment Arm Code,302,302
ki1112895-Peru Zn,ARM,Treatment Arm,302,302
ki1112895-Peru Zn,BIRTHWT,Birth weight (gm),287,287
ki1112895-iLiNS-Zinc,SUBJIDO,Original Subject ID,3266,3266
ki1112895-iLiNS-Zinc,FAMID,Family Identifier,3266,3266
ki1112895-iLiNS-Zinc,SEX,Sex,3266,3266
ki1112895-iLiNS-Zinc,ARMCD,Treatment Arm Code,3266,3266
ki1112895-iLiNS-Zinc,ARM,Treatment Arm,3266,3266
ki1112895-iLiNS-Zinc,STRATUMN,Stratum (num),3266,3266
ki1112895-iLiNS-Zinc,STRATUM,Stratum,3266,3266
ki1113344-GMS-Nepal,SEX,Sex,698,698
ki1113344-GMS-Nepal,GAGEBRTH,Gestational age at birth (days),699,699
ki1113344-GMS-Nepal,DEAD,Child is dead,699,699
ki1113344-GMS-Nepal,AGEDTH,Age on day of death (days),2,2
ki1113344-GMS-Nepal,CAUSEDTH,Cause of death,8,8
ki1113344-GMS-Nepal,FEEDING,Feeding practice,597,597
ki1113344-GMS-Nepal,BWTREPT,Reported birth weight (gm),154,154
ki1113344-GMS-Nepal,CRY,Child cried after birth ?,698,698
ki1113344-GMS-Nepal,MULTBRTH,Child of multiple births?,699,699
ki1114097-CMIN,SEX,Sex,3126,3126
ki1114097-CONTENT,SEX,Sex,215,215
ki1119695-PROBIT,SEX,Sex,17046,17046
ki1119695-PROBIT,ARMCD,Treatment Arm Code,17046,17046
ki1119695-PROBIT,ARM,Treatment Arm,17046,17046
ki1119695-PROBIT,STRATUMN,Stratum (num),17046,17046
ki1119695-PROBIT,STRATUM,Stratum,17046,17046
ki1119695-PROBIT,GAGEBRTH,Gestational age at birth (days),17046,17046
ki1119695-PROBIT,FEEDING,Feeding practice,17046,17046
ki1119695-PROBIT,DURBRST,Breastfeeding duration (days),13961,13961
ki1119695-PROBIT,BIRTHWT,Birth weight (gm),17046,17046
ki1119695-PROBIT,BIRTHLEN,Birth length (cm),17046,17046
ki1119695-PROBIT,BIRTHHC,Birth head circumference (cm),17046,17046
ki1119695-PROBIT,DELIVERY,Mode of delivery,17046,17046
ki1119695-PROBIT,APGAR1,APGAR Score 1 min after birth,17041,17041
ki1119695-PROBIT,APGAR5,APGAR Score 5 min after birth,17041,17041
ki1119716-AMANHI,SEX,Sex,9833,9833
ki1119716-AMANHI,GAGEBRTH,Gestational age at birth (days),9847,9847
ki1119716-AMANHI,GAGELMP,Gestational age at birth (days) per LMP,8887,8887
ki1119716-AMANHI,PREGOUT,Pregnancy outcome,10910,10910
ki1119716-AMANHI,GAGETERM,Gestational age at pregnancy termination,1,1
ki1119716-AMANHI,AGEDTH,Age on day of death (days),92,92
ki1119716-AMANHI,BRTHYR,Year of birth,9946,9946
ki1119716-AMANHI,BRTHWEEK,Week of Birth,9946,9946
ki1119716-AMANHI,BIRTHWT,Birth weight (gm),9589,9589
ki1119716-AMANHI,BIRTHLEN,Birth length (cm),7525,7525
ki1119716-AMANHI,BIRTHHC,Birth head circumference (cm),9641,9641
ki1120016-BAMBAM,SUBJIDO,Original Subject ID,406,406
ki1120016-BAMBAM,SEX,Sex,406,406
ki1120016-BAMBAM,STRATUMN,Stratum (num),406,406
ki1120016-BAMBAM,STRATUM,Stratum,406,406
ki1120016-BAMBAM,GAGEBRTH,Gestational age at birth (days),364,364
ki1120016-BAMBAM,FEEDING,Feeding practice,406,406
ki1120016-BAMBAM,DURBRST,Breastfeeding duration (days),220,220
ki1120016-BAMBAM,BIRTHWT,Birth weight (gm),341,341
ki1120016-BAMBAM,BIRTHLEN,Birth length (cm),281,281
ki1125811-UVG Growth,SUBJIDO,Original Subject ID,40787,40787
ki1125811-UVG Growth,SEX,Sex,40787,40787
ki1125811-UVG Growth,BRTHYR,Year of birth,40787,40787
ki1125811-UVG Growth,BRTHWEEK,Week of Birth,40787,40787
ki1126311-ZVITAMBO,SUBJIDO,Original Subject ID,14110,14110
ki1126311-ZVITAMBO,SEX,Sex,14104,14104
ki1126311-ZVITAMBO,ARMCD,Treatment Arm Code,14110,14110
ki1126311-ZVITAMBO,ARM,Treatment Arm,14110,14110
ki1126311-ZVITAMBO,STRATUMN,Stratum (num),14065,14065
ki1126311-ZVITAMBO,STRATUM,Stratum,14110,14110
ki1126311-ZVITAMBO,DEAD,Child is dead,1123,1123
ki1126311-ZVITAMBO,AGEDTH,Age on day of death (days),1067,1067
ki1126311-ZVITAMBO,CAUSEDTH,Cause of death,1123,1123
ki1126311-ZVITAMBO,FEEDING,Feeding practice,14110,14110
ki1126311-ZVITAMBO,DURBRST,Breastfeeding duration (days),12597,12597
ki1126311-ZVITAMBO,BIRTHWT,Birth weight (gm),14064,14064
ki1126311-ZVITAMBO,BIRTHLEN,Birth length (cm),13955,13955
ki1126311-ZVITAMBO,BIRTHHC,Birth head circumference (cm),14086,14086
ki1126311-ZVITAMBO,DELIVERY,Mode of delivery,13995,13995
ki1126311-ZVITAMBO,APGAR5,APGAR Score 5 min after birth,13691,13691
ki1126927-GUSTO,SUBJIDO,Original Subject ID,1171,1171
ki1126927-GUSTO,SEX,Sex,1171,1171
ki1126927-GUSTO,GAGEBRTH,Gestational age at birth (days),1171,1171
ki1126927-GUSTO,PREGOUT,Pregnancy outcome,701,701
ki1126927-GUSTO,DURBRST,Breastfeeding duration (days),837,837
ki1126927-GUSTO,AGEMNRCH,Age of menarche,1102,1102
ki1126927-GUSTO,BIRTHWT,Birth weight (gm),1171,1171
ki1126927-GUSTO,BIRTHLEN,Birth length (cm),1167,1167
ki1126927-GUSTO,BIRTHHC,Birth head circumference (cm),1166,1166
ki1126927-GUSTO,DELIVERY,Mode of delivery,1171,1171
ki1126927-GUSTO,APGAR1,APGAR Score 1 min after birth,1170,1170
ki1126927-GUSTO,APGAR5,APGAR Score 5 min after birth,1168,1168
ki1126927-GUSTO,APGAR10,APGAR Score 10 min after birth,9,9
ki1135781-COHORTS,SUBJIDO,Original Subject ID,22188,22188
ki1135781-COHORTS,SEX,Sex,22188,22188
ki1135781-COHORTS,RACE,Race,4193,4193
ki1135781-COHORTS,RACESPFY,Specified race,22188,22188
ki1135781-COHORTS,GAGEBRTH,Gestational age at birth (days),13042,13042
ki1135781-COHORTS,FEEDING,Feeding practice,13199,13199
ki1135781-COHORTS,DURBRST,Breastfeeding duration (days),11592,11592
ki1135781-COHORTS,AGEMNRCH,Age of menarche,5460,5460
ki1135781-COHORTS,BRTHYR,Year of birth,22188,22188
ki1135781-COHORTS,BIRTHWT,Birth weight (gm),19883,19883
ki1135781-COHORTS,BIRTHLEN,Birth length (cm),10547,10547
ki1135781-COHORTS,AGESOLID,Age at introducing solid foods,9626,9626
ki1135978-Fels,SUBJIDO,Original Subject ID,2682,2682
ki1135978-Fels,FAMID,Family Identifier,2682,2682
ki1135978-Fels,SEX,Sex,2682,2682
ki1135978-Fels,RACE,Race,2682,2682
ki1135978-Fels,GAGEBRTH,Gestational age at birth (days),809,809
ki1135978-Fels,FEEDING,Feeding practice,358,358
ki1135978-Fels,DURBRST,Breastfeeding duration (days),751,751
ki1135978-Fels,AGEMNRCH,Age of menarche,497,497
ki1135978-Fels,BRTHYR,Year of birth,2682,2682
ki1135978-Fels,BIRTHWT,Birth weight (gm),611,611
ki1135978-Fels,DELIVERY,Mode of delivery,481,481
ki1135978-Fels,APGAR1,APGAR Score 1 min after birth,410,410
ki1135978-Fels,APGAR5,APGAR Score 5 min after birth,405,405
ki1135978-Fels,MULTBRTH,Child of multiple births?,2682,2682
ki1135978-Fels,SMOKSTAT,Smoking status,1356,1356
ki1135978-Fels,SMOKYRS,Years smoked,28,28
ki1135978-Fels,SMOKAMT,Amount smoked,504,504
ki1135978-Fels,AGESMKSP,Age (yrs) smoking stopped,97,97
ki1135978-Fels,ETOHSTAT,Alcohol consumption status,1323,1323
ki1135978-Fels,ETOHAMT,Amount of alcohol consumed,2682,2682
ki1135978-Fels,AGEETOSP,Age alcohol consumption stopped,107,107
ki1135978-Fels,HYSTCTMY,Subject had a hysterectomy,42,42
ki1135978-Fels,OOPHCTMY,Subject had an oophorectomy,14,14
ki1148112-LCNI-5,SEX,Sex,840,840
ki1148112-LCNI-5,ARMCD,Treatment Arm Code,840,840
ki1148112-LCNI-5,ARM,Treatment Arm,840,840
ki1148112-LCNI-5,FEEDING,Feeding practice,840,840
ki1148112-LCNI-5,DURBRST,Breastfeeding duration (days),840,840
ki1148112-LCNI-5,BRTHYR,Year of birth,840,840
ki1148112-LCNI-5,BRTHWEEK,Week of Birth,840,840
ki1148112-iLiNS-DOSE,SUBJIDO,Original Subject ID,1932,1932
ki1148112-iLiNS-DOSE,SEX,Sex,1932,1932
ki1148112-iLiNS-DOSE,ARMCD,Treatment Arm Code,1932,1932
ki1148112-iLiNS-DOSE,ARM,Treatment Arm,1932,1932
ki1148112-iLiNS-DOSE,DEAD,Child is dead,1932,1932
ki1148112-iLiNS-DOSE,AGEDTH,Age on day of death (days),53,53
ki1148112-iLiNS-DOSE,FEEDING,Feeding practice,1932,1932
ki1148112-iLiNS-DOSE,DURBRST,Breastfeeding duration (days),1931,1931
ki1148112-iLiNS-DOSE,BRTHYR,Year of birth,1932,1932
ki1148112-iLiNS-DOSE,BRTHWEEK,Week of Birth,1932,1932
ki1148112-iLiNS-DOSE,RESPREL,Respondent's relationship to child,1899,1899
ki1148112-iLiNS-DOSE,MULTBRTH,Child of multiple births?,1900,1900
ki1148112-iLiNS-DYAD-M,SEX,Sex,1246,1246
ki1148112-iLiNS-DYAD-M,ARMCD,Treatment Arm Code,1246,1246
ki1148112-iLiNS-DYAD-M,ARM,Treatment Arm,1246,1246
ki1148112-iLiNS-DYAD-M,GAGEBRTH,Gestational age at birth (days),1245,1245
ki1148112-iLiNS-DYAD-M,DEAD,Child is dead,1246,1246
ki1148112-iLiNS-DYAD-M,AGEDTH,Age on day of death (days),59,59
ki1148112-iLiNS-DYAD-M,FEEDING,Feeding practice,1246,1246
ki1148112-iLiNS-DYAD-M,DURBRST,Breastfeeding duration (days),747,747
ki1148112-iLiNS-DYAD-M,BRTHYR,Year of birth,1245,1245
ki1148112-iLiNS-DYAD-M,BRTHWEEK,Week of Birth,1245,1245
ki1148112-iLiNS-DYAD-M,BIRTHWT,Birth weight (gm),1222,1222
ki1148112-iLiNS-DYAD-M,BIRTHHC,Birth head circumference (cm),1176,1176
ki1148112-iLiNS-DYAD-M,DELIVERY,Mode of delivery,1215,1215
ki1148112-iLiNS-DYAD-M,APGAR1,APGAR Score 1 min after birth,1004,1004
ki1148112-iLiNS-DYAD-M,APGAR5,APGAR Score 5 min after birth,1003,1003
ki1148112-iLiNS-DYAD-M,RESPREL,Respondent's relationship to child,1246,1246
ki1148112-iLiNS-DYAD-M,MULTBRTH,Child of multiple births?,1246,1246
ki1164596-Ecuador Egg,SEX,Sex,160,160
ki1164596-Ecuador Egg,ARMCD,Treatment Arm Code,160,160
ki1164596-Ecuador Egg,ARM,Treatment Arm,160,160
ki1164596-Ecuador Egg,RESPREL,Respondent's relationship to child,160,160
kiGH5241-JiVitA-3,SUBJIDO,Original Subject ID,28511,28511
kiGH5241-JiVitA-3,SEX,Sex,28511,28511
kiGH5241-JiVitA-3,ARMCD,Treatment Arm Code,28511,28511
kiGH5241-JiVitA-3,ARM,Treatment Arm,28511,28511
kiGH5241-JiVitA-3,GAGEBRTH,Gestational age at birth (days),20262,20262
kiGH5241-JiVitA-3,PREGOUT,Pregnancy outcome,28511,28511
kiGH5241-JiVitA-3,AGEDTH,Age on day of death (days),1821,1821
kiGH5241-JiVitA-3,BRTHYR,Year of birth,28511,28511
kiGH5241-JiVitA-3,BRTHWEEK,Week of Birth,28511,28511
kiGH5241-JiVitA-3,BIRTHWT,Birth weight (gm),27296,27296
kiGH5241-JiVitA-3,BIRTHLEN,Birth length (cm),27247,27247
kiGH5241-JiVitA-3,BIRTHHC,Birth head circumference (cm),27111,27111
kiGH5241-JiVitA-3,DELIVERY,Mode of delivery,27332,27332
kiGH5241-JiVitA-3,CRY,Child cried after birth ?,27294,27294
kiGH5241-JiVitA-3,PLCNTWT,Placental weight (g),358,358
kiGH5241-JiVitA-3,IMMBCG,Child received BCG vaccine?,23265,23265
kiGH5241-JiVitA-3,IMMOPV,Child received OPV vaccine?,23097,23097
kiGH5241-JiVitA-3,RESPREL,Respondent's relationship to child,27404,27404
kiGH5241-JiVitA-3,MULTBRTH,Child of multiple births?,28511,28511
kiGH5241-JiVitA-4,CLUSTID,Cluster Identifier,5449,5449
kiGH5241-JiVitA-4,SEX,Sex,5449,5449
kiGH5241-JiVitA-4,ARMCD,Treatment Arm Code,5449,5449
kiGH5241-JiVitA-4,ARM,Treatment Arm,5449,5449
kiGH5241-JiVitA-4,STRATUMN,Stratum (num),5449,5449
kiGH5241-JiVitA-4,STRATUM,Stratum,5449,5449
kiGH5241-JiVitA-4,DEAD,Child is dead,5449,5449
kiGH5241-JiVitA-4,AGEDTH,Age on day of death (days),50,50
kiGH5241-JiVitA-4,FEEDING,Feeding practice,5449,5449
kiGH5241-JiVitA-4,DURBRST,Breastfeeding duration (days),111,111
kiGH5241-JiVitA-4,BRTHYR,Year of birth,5449,5449
kiGH5241-JiVitA-4,BRTHWEEK,Week of Birth,5449,5449
kiGH5241-JiVitA-4,DELIVERY,Mode of delivery,4521,4521
kiGH5241-JiVitA-4,CRY,Child cried after birth ?,4510,4510
kiGH5241-JiVitA-4,IMMBCG,Child received BCG vaccine?,4614,4614
kiGH5241-JiVitA-4,IMMOPV,Child received OPV vaccine?,4601,4601
kiGH5241-JiVitA-4,RESPREL,Respondent's relationship to child,5445,5445
kiGH5241-JiVitA-4,MULTBRTH,Child of multiple births?,5449,5449
kiGH5307-ANISA,SUBJIDO,Original Subject ID,73635,73635
kiGH5307-ANISA,SEX,Sex,71290,71290
kiGH5307-ANISA,GAGEBRTH,Gestational age at birth (days),68893,68893
kiGH5307-ANISA,PREGOUT,Pregnancy outcome,73635,73635
kiGH5307-ANISA,DEAD,Child is dead,73635,73635
kiGH5307-ANISA,AGEDTH,Age on day of death (days),5332,5332
kiGH5307-ANISA,CAUSEDTH,Cause of death,5332,5332
kiGH5307-ANISA,DURBRST,Breastfeeding duration (days),60324,60324
kiGH5307-ANISA,BIRTHWT,Birth weight (gm),61570,61570
kiGH5307-ANISA,CRY,Child cried after birth ?,73635,73635
kiGH5307-ANISA,IMMBCG,Child received BCG vaccine?,73635,73635
kiGH5307-ANISA,IMMOPV,Child received OPV vaccine?,73635,73635
kiGH5307-ANISA,RESPREL,Respondent's relationship to child,73610,73610
kiGH5307-ANISA,MULTBRTH,Child of multiple births?,73635,73635
