STUDYID,PARENTSTESTCD,PARENTSTEST,COUNT_OBS,COUNT_SUBJ
MANA-2.0,MAGE,Maternal age at birth of child (yrs),20786,20786
MANA-2.0,METHNIC,Maternal ethnicity,1032,1032
MANA-2.0,MHTCM,Maternal height (cm),20581,20581
MANA-2.0,MWTKG,Maternal weight (kg),20506,20506
MANA-2.0,MBMI,Maternal BMI (kg/m**2),20384,20384
MANA-2.0,MPREG,Mother pregnant during study?,20786,20786
MANA-2.0,MCAUSDTH,Maternal cause of death,3,3
MANA-2.0,MMARIT,Mothers marital status,58,58
MANA-2.0,MEDUCYRS,"Mother, years of education",18810,18810
MANA-2.0,MWORK,Mother type or work,20042,20042
MANA-2.0,FAGE,Fathers age at birth of child (yrs),19850,19850
MANA-2.0,FEDUCYRS,"Father, years of education",18234,18234
MANA-2.0,FWORK,Father type of work,19556,19556
MANA-2.0,SES,Socioeconomic status of parent,20677,20677
MANA-3.0,MAGE,Maternal age at birth of child (yrs),12282,12282
MANA-3.0,MRACE,Maternal race,12275,12275
MANA-3.0,MPREG,Mother pregnant during study?,12486,12486
MANA-3.0,MCVHX,Maternal hx of cardiovascular disease?,2839,2839
MANA-3.0,MMARIT,Mothers marital status,11862,11862
MANA-3.0,MEDUCYRS,"Mother, years of education",12131,12131
MANA-3.0,MWORK,Mother type or work,12452,12452
MANA-3.0,FAGE,Fathers age at birth of child (yrs),11730,11730
MANA-3.0,FEDUCYRS,"Father, years of education",11495,11495
MANA-3.0,FWORK,Father type of work,11911,11911
NHANES-1999-00,MAGE,Maternal age at birth of child (yrs),3871,3871
NHANES-2001-02,MAGE,Maternal age at birth of child (yrs),4346,4346
NHANES-2003-04,MAGE,Maternal age at birth of child (yrs),3833,3833
NHANES-2005-06,MAGE,Maternal age at birth of child (yrs),4143,4143
NHANES-2007-08,MAGE,Maternal age at birth of child (yrs),3563,3563
NHANES-2009-10,MAGE,Maternal age at birth of child (yrs),3611,3611
NHANES-2011-12,MAGE,Maternal age at birth of child (yrs),3524,3524
ki0038874-GEMS-1,MHOUSEH,Mother lives in household,22567,22567
ki0038874-GEMS-1,FHOUSEH,Father lives in household,22567,22567
ki0038874-GEMS-1,CEDUCYRS,Caregiver education (yrs),22503,22503
ki0038874-GEMS-1A,MHOUSEH,Mother lives in household,14242,14242
ki0038874-GEMS-1A,FHOUSEH,Father lives in household,14242,14242
ki0038874-GEMS-1A,CEDUCYRS,Caregiver education (yrs),14228,14228
ki1000108-DSS,MEDUCYRS,"Mother, years of education",27841,27841
ki1000108-DSS,CEDUCYRS,Caregiver education (yrs),126532,126532
ki1000128-PEDIATRIX,MAGE,Maternal age at birth of child (yrs),1065285,1065285
ki1000130-DutchGrowth1980,MWORK,Mother type or work,47564,47564
ki1000130-DutchGrowth1980,FWORK,Father type of work,47564,47564
ki1000130-DutchGrowth1980,FHOUSEH,Father lives in household,47564,47564
ki1000130-DutchGrowth1997,MHTCM,Maternal height (cm),17506,17506
ki1000130-DutchGrowth1997,MEDUCYRS,"Mother, years of education",17990,17990
ki1000130-DutchGrowth1997,FHTCM,Fathers height (cm),17125,17125
ki1000130-DutchGrowth1997,FEDUCYRS,"Father, years of education",16804,16804
ki1000130-DutchGrowth2010,MHTCM,Maternal height (cm),14582,14582
ki1000130-DutchGrowth2010,MEDUCYRS,"Mother, years of education",14624,14624
ki1000130-DutchGrowth2010,FHTCM,Fathers height (cm),14140,14140
ki1000130-DutchGrowth2010,FEDUCYRS,"Father, years of education",14207,14207
ki1000131-ChinaEMI,MRACE,Maternal race,2115,2115
ki1000131-ChinaEMI,MSMKSTAT,Maternal smoking status,2054,2054
ki1000131-ChinaEMI,MMEDHX,Maternal medical history,2036,2036
ki1000131-ChinaEMI,MMARIT,Mothers marital status,2084,2084
ki1000131-ChinaEMI,MEDUCYRS,"Mother, years of education",2084,2084
ki1000131-ChinaEMI,MWORK,Mother type or work,2050,2050
ki1000131-ChinaEMI,FSMKSTAT,Fathers smoking status,2057,2057
ki1000131-ChinaEMI,FEDUCYRS,"Father, years of education",2083,2083
ki1000145-Guangzhou Singleton,MAGE,Maternal age at birth of child (yrs),436691,436691
ki1000145-Guangzhou Singleton,FAGE,Fathers age at birth of child (yrs),415174,415174
ki1000145-Guangzhou Twin,MEDUCYRS,"Mother, years of education",40849,40849
ki1000201-CLR-China,MWORK,Mother type or work,15653,15653
ki1000201-CLR-China,FWORK,Father type of work,15672,15672
ki1000201-Gansu,MEDUCYRS,"Mother, years of education",1830,1830
ki1000201-Gansu,FEDUCYRS,"Father, years of education",2348,2348
ki1000202-ShaanxiCogHgb,MEDUCYRS,"Mother, years of education",3838,3838
ki1000202-ShaanxiCogHgb,FEDUCYRS,"Father, years of education",3838,3838
ki1000302-TTBW,MAGE,Maternal age at birth of child (yrs),1776,1776
ki1000302-TTBW,MHTCM,Maternal height (cm),1758,1758
ki1000302-TTBW,MWTKG,Maternal weight (kg),1759,1759
ki1000302-TTBW,MBMI,Maternal BMI (kg/m**2),1757,1757
ki1000302-TTBW,MMUAC,Maternal MUAC (cm),336,336
ki1000302-TTBW,MAGEMNRC,Maternal age at menarche,496,496
ki1000302-TTBW,MAGEMRT,Maternal age at marriage,1736,1736
ki1000302-TTBW,MEDUCYRS,"Mother, years of education",526,526
ki1000302-TTBW,MWORK,Mother type or work,495,495
ki1000302-TTBW,FEDUCYRS,"Father, years of education",526,526
ki1000302-TTBW,FWORK,Father type of work,526,526
ki1000302-TTBW,SES,Socioeconomic status of parent,1776,1776
ki1000305-CordBloodCytometry,MAGE,Maternal age at birth of child (yrs),541,541
ki1000305-CordBloodCytometry,MHTCM,Maternal height (cm),487,487
ki1000305-CordBloodCytometry,MWTKG,Maternal weight (kg),457,457
ki1000305-CordBloodCytometry,MBMI,Maternal BMI (kg/m**2),436,436
ki1000305-CordBloodCytometry,MPREG,Mother pregnant during study?,541,541
ki1000305-CordBloodCytometry,MEDUCYRS,"Mother, years of education",489,489
ki1000305-CordBloodCytometry,MWORK,Mother type or work,540,540
ki1000305-CordBloodCytometry,MHGB,Maternal Hemoglobin (g/dL),536,536
ki1000305-CordBloodCytometry,FAGE,Fathers age at birth of child (yrs),540,540
ki1000305-CordBloodCytometry,FEDUCYRS,"Father, years of education",516,516
ki1000305-CordBloodCytometry,FWORK,Father type of work,537,537
ki1100553-CANDLE,MAGE,Maternal age at birth of child (yrs),1463,1463
ki1100553-CANDLE,MRACE,Maternal race,1460,1460
ki1100553-CANDLE,MMARIT,Mothers marital status,1463,1463
ki1100553-CANDLE,FAGE,Fathers age at birth of child (yrs),611,611
ki1112895-Bangladesh Rice,MAGE,Maternal age at birth of child (yrs),547,547
ki1112895-Bangladesh Rice,MHTCM,Maternal height (cm),546,546
ki1112895-Bangladesh Rice,MWTKG,Maternal weight (kg),544,544
ki1112895-Bangladesh Rice,MBMI,Maternal BMI (kg/m**2),544,544
ki1125811-Maya Guatemala USA,MMEDHX,Maternal medical history,55,55
ki1125811-Maya Guatemala USA,FMEDHX,Fathers medical history,53,53
ki1125811-MayaDualBurden,MSMKSTAT,Maternal smoking status,57,57
ki1125811-MayaDualBurden,MMARIT,Mothers marital status,58,58
ki1125811-MayaDualBurden,MWORK,Mother type or work,57,57
ki1125811-MayaDualBurden,FWORK,Father type of work,52,52
ki1127337-MatlabD,MAGE,Maternal age at birth of child (yrs),2722,2722
ki1127337-MatlabD,MHTCM,Maternal height (cm),2673,2673
ki1127337-MatlabD,MWTKG,Maternal weight (kg),2667,2667
ki1127337-MatlabD,MAGEDTH,Maternal age at death (yrs),2,2
ki1127337-MatlabD,MCAUSDTH,Maternal cause of death,2,2
ki1127337-MatlabD,MMEDHX,Maternal medical history,154,154
ki1127337-MatlabD,MHGB,Maternal Hemoglobin (g/dL),1470,1470
ki1127337-MatlabKMC,MCAUSDTH,Maternal cause of death,7,7
ki1127337-MatlabN,MCAUSDTH,Maternal cause of death,2,2
CPP,MAGE,Maternal age at birth of child (yrs),59389,59389
CPP,MRACE,Maternal race,59391,59391
CPP,MHTCM,Maternal height (cm),53512,53512
CPP,MMARIT,Mothers marital status,59386,59386
CPP,MEDUCYRS,"Mother, years of education",56460,56460
CPP,MWORK,Mother type or work,56531,56531
CPP,FAGE,Fathers age at birth of child (yrs),43150,43150
CPP,FEDUCYRS,"Father, years of education",45475,45475
CPP,FWORK,Father type of work,54243,54243
NICHD-FGS,MAGE,Maternal age at birth of child (yrs),2334,2334
NICHD-FGS,MRACE,Maternal race,2334,2334
NICHD-FGS,METHNIC,Maternal ethnicity,2334,2334
NICHD-FGS,MHTCM,Maternal height (cm),2331,2331
NICHD-FGS,MWTKG,Maternal weight (kg),2328,2328
NICHD-FGS,MBMI,Maternal BMI (kg/m**2),2327,2327
NICHD-FGS,MPREG,Mother pregnant during study?,2334,2334
NICHD-FGS,MMARIT,Mothers marital status,2331,2331
NICHD-FGS,MEDUCYRS,"Mother, years of education",2333,2333
ki0047075-MAL-ED,MAGE,Maternal age at birth of child (yrs),2143,2143
ki0047075-MAL-ED,MHTCM,Maternal height (cm),2044,2044
ki0047075-MAL-ED,MWTKG,Maternal weight (kg),2043,2043
ki0047075-MAL-ED,MBMI,Maternal BMI (kg/m**2),2043,2043
ki0047075-MAL-ED,MMARIT,Mothers marital status,2143,2143
ki0047075-MAL-ED,MEDUCYRS,"Mother, years of education",1859,1859
ki0047075-MAL-ED,FEDUCYRS,"Father, years of education",1010,1010
ki1000108-CMC-V-BCS-2002,MEDUCYRS,"Mother, years of education",373,373
ki1000108-CMC-V-BCS-2002,SES,Socioeconomic status of parent,373,373
ki1000108-IRC,MEDUCYRS,"Mother, years of education",410,410
ki1000108-IRC,SES,Socioeconomic status of parent,410,410
ki1000108-TDC,SES,Socioeconomic status of parent,160,160
ki1000109-EE,MAGE,Maternal age at birth of child (yrs),377,377
ki1000110-WASH-Bangladesh,MAGE,Maternal age at birth of child (yrs),5561,5561
ki1000110-WASH-Bangladesh,MHTCM,Maternal height (cm),4843,4843
ki1000110-WASH-Bangladesh,MEDUCYRS,"Mother, years of education",5583,5583
ki1000110-WASH-Bangladesh,FEDUCYRS,"Father, years of education",5571,5571
ki1000110-WASH-Bangladesh,FWORK,Father type of work,5581,5581
ki1000111-WASH-Kenya,MHTCM,Maternal height (cm),11400,11400
ki1000111-WASH-Kenya,MEDUCYRS,"Mother, years of education",13204,13204
ki1000117-Detroit-Longitudinal,MAGE,Maternal age at birth of child (yrs),480,480
ki1000117-Detroit-Longitudinal,MHTCM,Maternal height (cm),480,480
ki1000117-Detroit-Longitudinal,MMARIT,Mothers marital status,480,480
ki1000117-Detroit-Longitudinal,MEDUCYRS,"Mother, years of education",480,480
ki1000117-Detroit-Longitudinal,FEDUCYRS,"Father, years of education",15,15
ki1000125-AgaKhanUniv,MAGE,Maternal age at birth of child (yrs),197,197
ki1000125-AgaKhanUniv,MHTCM,Maternal height (cm),201,201
ki1000125-AgaKhanUniv,MWTKG,Maternal weight (kg),201,201
ki1000125-AgaKhanUniv,MBMI,Maternal BMI (kg/m**2),201,201
ki1000125-AgaKhanUniv,MEDUCYRS,"Mother, years of education",201,201
ki1000125-AgaKhanUniv,SES,Socioeconomic status of parent,201,201
ki1000130-POPS,MAGE,Maternal age at birth of child (yrs),1307,1307
ki1000130-SMOCC,MAGE,Maternal age at birth of child (yrs),2117,2117
ki1000130-SMOCC,MHTCM,Maternal height (cm),2091,2091
ki1000130-SMOCC,MAGEDTH,Maternal age at death (yrs),1,1
ki1000130-SMOCC,MEDUCYRS,"Mother, years of education",2052,2052
ki1000130-SMOCC,FAGE,Fathers age at birth of child (yrs),2064,2064
ki1000130-SMOCC,FHTCM,Fathers height (cm),2091,2091
ki1000130-SMOCC,FAGEDTH,Fathers age at death (yrs),1,1
ki1000130-SMOCC,FEDUCYRS,"Father, years of education",2049,2049
ki1000133-UMN-Amplatz,MAGE,Maternal age at birth of child (yrs),56,56
ki1000133-UMN-Amplatz,MRACE,Maternal race,56,56
ki1000133-UMN-Amplatz,METHNIC,Maternal ethnicity,56,56
ki1000133-UMN-Amplatz,MHTCM,Maternal height (cm),56,56
ki1000133-UMN-Amplatz,MWTKG,Maternal weight (kg),54,54
ki1000133-UMN-Amplatz,MBMI,Maternal BMI (kg/m**2),54,54
ki1000133-UMN-Amplatz,FRACE,Fathers race,56,56
ki1000133-UMN-Amplatz,FETHNIC,Fathers ethnicity,56,56
ki1000133-UMN-Amplatz,FHTCM,Fathers height (cm),52,52
ki1000133-UMN-Amplatz,FWTKG,Fathers weight (kg),48,48
ki1000133-UMN-MINNoWS,MAGE,Maternal age at birth of child (yrs),116,116
ki1000133-UMN-MINNoWS,MRACE,Maternal race,116,116
ki1000133-UMN-MINNoWS,METHNIC,Maternal ethnicity,116,116
ki1000133-UMN-MINNoWS,MHTCM,Maternal height (cm),112,112
ki1000133-UMN-MINNoWS,MWTKG,Maternal weight (kg),116,116
ki1000133-UMN-MINNoWS,MBMI,Maternal BMI (kg/m**2),112,112
ki1000133-UMN-MINNoWS,MEDUCYRS,"Mother, years of education",116,116
ki1000133-UMN-MINNoWS,FRACE,Fathers race,116,116
ki1000133-UMN-MINNoWS,FETHNIC,Fathers ethnicity,116,116
ki1000133-UMN-MINNoWS,FAGE,Fathers age at birth of child (yrs),115,115
ki1000133-UMN-MINNoWS,FHTCM,Fathers height (cm),111,111
ki1000133-UMN-MINNoWS,FWTKG,Fathers weight (kg),108,108
ki1000133-UMN-MINNoWS,FBMI,Fathers BMI (kg/m**2),105,105
ki1000133-UMN-MINNoWS,FEDUCYRS,"Father, years of education",115,115
ki1000133-UMN-MOD,MAGE,Maternal age at birth of child (yrs),46,46
ki1000133-UMN-MOD,MRACE,Maternal race,47,47
ki1000133-UMN-MOD,METHNIC,Maternal ethnicity,47,47
ki1000133-UMN-MOD,MHTCM,Maternal height (cm),47,47
ki1000133-UMN-MOD,MWTKG,Maternal weight (kg),47,47
ki1000133-UMN-MOD,MBMI,Maternal BMI (kg/m**2),47,47
ki1000133-UMN-MOD,FRACE,Fathers race,47,47
ki1000133-UMN-MOD,FETHNIC,Fathers ethnicity,47,47
ki1000133-UMN-MOD,FHTCM,Fathers height (cm),46,46
ki1000133-UMN-MOD,FWTKG,Fathers weight (kg),46,46
ki1000133-UMN-NORM,MAGE,Maternal age at birth of child (yrs),170,170
ki1000133-UMN-NORM,MRACE,Maternal race,170,170
ki1000133-UMN-NORM,METHNIC,Maternal ethnicity,170,170
ki1000133-UMN-NORM,MHTCM,Maternal height (cm),169,169
ki1000133-UMN-NORM,MWTKG,Maternal weight (kg),170,170
ki1000133-UMN-NORM,FRACE,Fathers race,168,168
ki1000133-UMN-NORM,FETHNIC,Fathers ethnicity,168,168
ki1000133-UMN-NORM,FWTKG,Fathers weight (kg),154,154
ki1000145-BIGCS Ultrasound,MHTCM,Maternal height (cm),2893,2893
ki1000145-BIGCS Ultrasound,MEDUCYRS,"Mother, years of education",285,285
ki1000153-HealthyStart,MAGE,Maternal age at birth of child (yrs),1362,1362
ki1000153-HealthyStart,MRACE,Maternal race,1410,1410
ki1000153-HealthyStart,MHTCM,Maternal height (cm),1395,1395
ki1000153-HealthyStart,MBRTHWT,Maternal birth weight (kg),936,936
ki1000153-HealthyStart,MSMKYRS,Maternal years smoking,400,400
ki1000153-HealthyStart,MCVHX,Maternal hx of cardiovascular disease?,1372,1372
ki1000153-HealthyStart,MMARIT,Mothers marital status,1404,1404
ki1000153-HealthyStart,MEDUCYRS,"Mother, years of education",1410,1410
ki1000153-HealthyStart,FAGE,Fathers age at birth of child (yrs),1398,1398
ki1000153-HealthyStart,FHTCM,Fathers height (cm),1353,1353
ki1000153-HealthyStart,FWTKG,Fathers weight (kg),1282,1282
ki1000153-HealthyStart,FCVHX,Fathers hx of cardiovascular disease?,1364,1364
ki1000156-Dutch Famine,MAGE,Maternal age at birth of child (yrs),2414,2414
ki1000156-Dutch Famine,MMARIT,Mothers marital status,382,382
ki1000162-Bogalusa,MCVHX,Maternal hx of cardiovascular disease?,3458,3458
ki1000162-Bogalusa,MMEDHX,Maternal medical history,1052,1052
ki1000162-Bogalusa,MEDUCYRS,"Mother, years of education",1212,1212
ki1000162-Bogalusa,FCVHX,Fathers hx of cardiovascular disease?,3607,3607
ki1000162-Bogalusa,FMEDHX,Fathers medical history,990,990
ki1000162-Bogalusa,FEDUCYRS,"Father, years of education",1114,1114
ki1000301-DIVIDS,MAGE,Maternal age at birth of child (yrs),2100,2100
ki1000301-DIVIDS,MHTCM,Maternal height (cm),1198,1198
ki1000301-DIVIDS,MWTKG,Maternal weight (kg),137,137
ki1000301-DIVIDS,MMUAC,Maternal MUAC (cm),130,130
ki1000301-DIVIDS,MMARIT,Mothers marital status,2100,2100
ki1000301-DIVIDS,MEDUCYRS,"Mother, years of education",2100,2100
ki1000301-DIVIDS,MWORK,Mother type or work,2100,2100
ki1000301-DIVIDS,FAGE,Fathers age at birth of child (yrs),2098,2098
ki1000301-DIVIDS,FEDUCYRS,"Father, years of education",2098,2098
ki1000301-DIVIDS,FWORK,Father type of work,2100,2100
ki1000304-EU,MAGE,Maternal age at birth of child (yrs),2472,2472
ki1000304-EU,MEDUCYRS,"Mother, years of education",2472,2472
ki1000304-EU,MWORK,Mother type or work,2472,2472
ki1000304-EU,FAGE,Fathers age at birth of child (yrs),2476,2476
ki1000304-EU,FEDUCYRS,"Father, years of education",2476,2476
ki1000304-EU,FWORK,Father type of work,2476,2476
ki1000304-NEOVITA,MAGE,Maternal age at birth of child (yrs),44982,44982
ki1000304-NEOVITA,MEDUCYRS,"Mother, years of education",44982,44982
ki1000304-NEOVITA,MWORK,Mother type or work,44982,44982
ki1000304-NEOVITA,FEDUCYRS,"Father, years of education",16701,16701
ki1000304-NEOVITA,FWORK,Father type of work,44982,44982
ki1000304-ZnMort,MEDUCYRS,"Mother, years of education",94359,94359
ki1000304-ZnMort,FEDUCYRS,"Father, years of education",94359,94359
ki1000304b-SAS-CompFeed,MAGE,Maternal age at birth of child (yrs),1535,1535
ki1000304b-SAS-CompFeed,MHTCM,Maternal height (cm),1201,1201
ki1000304b-SAS-CompFeed,MWTKG,Maternal weight (kg),1211,1211
ki1000304b-SAS-CompFeed,MEDUCYRS,"Mother, years of education",1535,1535
ki1000304b-SAS-CompFeed,MWORK,Mother type or work,1535,1535
ki1000304b-SAS-CompFeed,MWORKTM,"Mother, time spent at work",1535,1535
ki1000304b-SAS-CompFeed,FAGE,Fathers age at birth of child (yrs),1532,1532
ki1000304b-SAS-CompFeed,FHTCM,Fathers height (cm),908,908
ki1000304b-SAS-CompFeed,FEDUCYRS,"Father, years of education",1532,1532
ki1000304b-SAS-CompFeed,FWORK,Father type of work,1532,1532
ki1000304b-SAS-FoodSuppl,MAGE,Maternal age at birth of child (yrs),418,418
ki1000304b-SAS-FoodSuppl,MHTCM,Maternal height (cm),409,409
ki1000304b-SAS-FoodSuppl,MEDUCYRS,"Mother, years of education",418,418
ki1000304b-SAS-FoodSuppl,MWORK,Mother type or work,418,418
ki1000304b-SAS-FoodSuppl,FAGE,Fathers age at birth of child (yrs),418,418
ki1000304b-SAS-FoodSuppl,FHTCM,Fathers height (cm),399,399
ki1000304b-SAS-FoodSuppl,FEDUCYRS,"Father, years of education",418,418
ki1000304b-SAS-FoodSuppl,FWORK,Father type of work,418,418
ki1000304b-ZincInf,MEDUCYRS,"Mother, years of education",264,264
ki1000304c-IMNCI,MEDUCYRS,"Mother, years of education",12367,12367
ki1000304c-IMNCI,MWORK,Mother type or work,12367,12367
ki1000304c-IMNCI,FEDUCYRS,"Father, years of education",12367,12367
ki1017093-NIH-Birth,MAGE,Maternal age at birth of child (yrs),627,627
ki1017093-NIH-Birth,MHTCM,Maternal height (cm),629,629
ki1017093-NIH-Birth,MWTKG,Maternal weight (kg),629,629
ki1017093-NIH-Birth,MBMI,Maternal BMI (kg/m**2),629,629
ki1017093-NIH-Birth,MEDUCYRS,"Mother, years of education",629,629
ki1017093-NIH-Preschool,MAGE,Maternal age at birth of child (yrs),191,191
ki1017093-NIH-Preschool,MEDUCYRS,"Mother, years of education",191,191
ki1017093-NIH-Preschool,FAGE,Fathers age at birth of child (yrs),190,190
ki1017093-NIH-Preschool,FEDUCYRS,"Father, years of education",191,191
ki1017093b-PROVIDE,MAGE,Maternal age at birth of child (yrs),700,700
ki1017093b-PROVIDE,MHTCM,Maternal height (cm),669,669
ki1017093b-PROVIDE,MWTKG,Maternal weight (kg),669,669
ki1017093b-PROVIDE,MBMI,Maternal BMI (kg/m**2),669,669
ki1017093b-PROVIDE,MEDUCYRS,"Mother, years of education",700,700
ki1017093b-PROVIDE,MWORK,Mother type or work,700,700
ki1017093b-PROVIDE,FEDUCYRS,"Father, years of education",700,700
ki1017093b-PROVIDE,FWORK,Father type of work,700,700
ki1017093c-NIH-Crypto,MAGE,Maternal age at birth of child (yrs),758,758
ki1017093c-NIH-Crypto,MPREG,Mother pregnant during study?,758,758
ki1017093c-NIH-Crypto,MAGEMNRC,Maternal age at menarche,758,758
ki1017093c-NIH-Crypto,MAGEMRT,Maternal age at marriage,758,758
ki1017093c-NIH-Crypto,MEDUCYRS,"Mother, years of education",758,758
ki1017093c-NIH-Crypto,MWORK,Mother type or work,758,758
ki1017093c-NIH-Crypto,FEDUCYRS,"Father, years of education",758,758
ki1017093c-NIH-Crypto,FWORK,Father type of work,758,758
ki1066203-TanzaniaChild2,MAGE,Maternal age at birth of child (yrs),2380,2380
ki1066203-TanzaniaChild2,MHTCM,Maternal height (cm),2363,2363
ki1066203-TanzaniaChild2,MWTKG,Maternal weight (kg),2356,2356
ki1066203-TanzaniaChild2,MMUAC,Maternal MUAC (cm),2351,2351
ki1066203-TanzaniaChild2,MMARIT,Mothers marital status,2379,2379
ki1066203-TanzaniaChild2,MEDUCYRS,"Mother, years of education",2390,2390
ki1066203-TanzaniaChild2,MWORK,Mother type or work,2376,2376
ki1066203-TanzaniaChild2,FEDUCYRS,"Father, years of education",2387,2387
ki1066203-TanzaniaChild2,FWORK,Father type of work,2228,2228
ki1101329-Keneba,MAGE,Maternal age at birth of child (yrs),2896,2896
ki1101329-Keneba,MHTCM,Maternal height (cm),2457,2457
ki1101329-Keneba,FHTCM,Fathers height (cm),1948,1948
ki1112895-Burkina Faso Zn,MAGE,Maternal age at birth of child (yrs),6246,6246
ki1112895-Burkina Faso Zn,MHTCM,Maternal height (cm),6163,6163
ki1112895-Burkina Faso Zn,MBMI,Maternal BMI (kg/m**2),5945,5945
ki1112895-Burkina Faso Zn,MPREG,Mother pregnant during study?,6151,6151
ki1112895-Burkina Faso Zn,MEDUCYRS,"Mother, years of education",5957,5957
ki1112895-Burkina Faso Zn,MWORK,Mother type or work,6246,6246
ki1112895-Burkina Faso Zn,SES,Socioeconomic status of parent,5928,5928
ki1112895-Ecuador Zn,MHTCM,Maternal height (cm),412,412
ki1112895-Ecuador Zn,MWTKG,Maternal weight (kg),418,418
ki1112895-Ecuador Zn,MBMI,Maternal BMI (kg/m**2),400,400
ki1112895-Ecuador Zn,MEDUCYRS,"Mother, years of education",615,615
ki1112895-Ecuador Zn,MWORK,Mother type or work,636,636
ki1112895-Ecuador Zn,FHTCM,Fathers height (cm),46,46
ki1112895-Ecuador Zn,FWTKG,Fathers weight (kg),43,43
ki1112895-Ecuador Zn,FEDUCYRS,"Father, years of education",596,596
ki1112895-Ecuador Zn,FWORK,Father type of work,636,636
ki1112895-Guatemala BSC,MAGE,Maternal age at birth of child (yrs),281,281
ki1112895-Guatemala BSC,MHTCM,Maternal height (cm),235,235
ki1112895-Guatemala BSC,MMARIT,Mothers marital status,282,282
ki1112895-Guatemala BSC,MEDUCYRS,"Mother, years of education",282,282
ki1112895-Guatemala BSC,MWORK,Mother type or work,315,315
ki1112895-Guatemala BSC,MHGB,Maternal Hemoglobin (g/dL),250,250
ki1112895-Peru Huascar,MAGE,Maternal age at birth of child (yrs),120,120
ki1112895-Peru Huascar,MEDUCYRS,"Mother, years of education",120,120
ki1112895-Peru Huascar,MWORK,Mother type or work,120,120
ki1112895-Peru Huascar,MWORKTM,"Mother, time spent at work",120,120
ki1112895-Peru Huascar,FAGE,Fathers age at birth of child (yrs),111,111
ki1112895-Peru Huascar,FEDUCYRS,"Father, years of education",111,111
ki1112895-Peru Huascar,FWORK,Father type of work,120,120
ki1112895-Peru Huascar,FWORKTM,"Father, time spent at work",120,120
ki1112895-Peru PersistDiarrhea,MEDUCYRS,"Mother, years of education",103,103
ki1112895-Peru PersistDiarrhea,FEDUCYRS,"Father, years of education",174,174
ki1112895-Peru PersistDiarrhea,FHOUSEH,Father lives in household,412,412
ki1112895-Peru Zn,MAGE,Maternal age at birth of child (yrs),301,301
ki1112895-Peru Zn,MHTCM,Maternal height (cm),298,298
ki1112895-Peru Zn,MWTKG,Maternal weight (kg),298,298
ki1112895-Peru Zn,MBMI,Maternal BMI (kg/m**2),298,298
ki1112895-Peru Zn,MMARIT,Mothers marital status,301,301
ki1112895-Peru Zn,MEDUCYRS,"Mother, years of education",301,301
ki1112895-Peru Zn,MWORK,Mother type or work,301,301
ki1112895-Peru Zn,FAGE,Fathers age at birth of child (yrs),286,286
ki1112895-Peru Zn,FEDUCYRS,"Father, years of education",279,279
ki1112895-Peru Zn,FWORK,Father type of work,275,275
ki1112895-iLiNS-Zinc,MAGE,Maternal age at birth of child (yrs),3178,3178
ki1112895-iLiNS-Zinc,MHTCM,Maternal height (cm),3178,3178
ki1112895-iLiNS-Zinc,MBMI,Maternal BMI (kg/m**2),3178,3178
ki1113344-GMS-Nepal,MAGE,Maternal age at birth of child (yrs),699,699
ki1113344-GMS-Nepal,METHNIC,Maternal ethnicity,698,698
ki1113344-GMS-Nepal,MEDUCYRS,"Mother, years of education",695,695
ki1113344-GMS-Nepal,FEDUCYRS,"Father, years of education",696,696
ki1114097-CONTENT,SES,Socioeconomic status of parent,287,287
ki1119695-PROBIT,MAGE,Maternal age at birth of child (yrs),17045,17045
ki1119695-PROBIT,MHTCM,Maternal height (cm),13734,13734
ki1119695-PROBIT,MWTKG,Maternal weight (kg),13772,13772
ki1119695-PROBIT,MBMI,Maternal BMI (kg/m**2),13728,13728
ki1119695-PROBIT,MMARIT,Mothers marital status,17046,17046
ki1119695-PROBIT,MEDUCYRS,"Mother, years of education",17046,17046
ki1119695-PROBIT,MWORK,Mother type or work,17046,17046
ki1119695-PROBIT,FAGE,Fathers age at birth of child (yrs),16424,16424
ki1119695-PROBIT,FHTCM,Fathers height (cm),12537,12537
ki1119695-PROBIT,FWTKG,Fathers weight (kg),12861,12861
ki1119695-PROBIT,FEDUCYRS,"Father, years of education",16461,16461
ki1119695-PROBIT,FWORK,Father type of work,17046,17046
ki1120016-BAMBAM,MMARIT,Mothers marital status,190,190
ki1126311-ZVITAMBO,MAGE,Maternal age at birth of child (yrs),14070,14070
ki1126311-ZVITAMBO,MHTCM,Maternal height (cm),9858,9858
ki1126311-ZVITAMBO,MMARIT,Mothers marital status,14051,14051
ki1126311-ZVITAMBO,MEDUCYRS,"Mother, years of education",14090,14090
ki1126311-ZVITAMBO,MWORK,Mother type or work,14110,14110
ki1126311-ZVITAMBO,FEDUCYRS,"Father, years of education",13729,13729
ki1126311-ZVITAMBO,FWORK,Father type of work,14110,14110
ki1126927-GUSTO,MAGE,Maternal age at birth of child (yrs),1237,1237
ki1126927-GUSTO,METHNIC,Maternal ethnicity,1237,1237
ki1126927-GUSTO,MHTCM,Maternal height (cm),1181,1181
ki1126927-GUSTO,MBRTHWT,Maternal birth weight (kg),298,298
ki1126927-GUSTO,MSMKSTAT,Maternal smoking status,243,243
ki1126927-GUSTO,MMARIT,Mothers marital status,1211,1211
ki1126927-GUSTO,MEDUCYRS,"Mother, years of education",1179,1179
ki1126927-GUSTO,MWORK,Mother type or work,1221,1221
ki1126927-GUSTO,MGFETHNC,Maternal grandfathers ethnicity,1223,1223
ki1126927-GUSTO,MGMETHNC,Maternal grandmothers ethnicity,1223,1223
ki1126927-GUSTO,FETHNIC,Fathers ethnicity,1229,1229
ki1126927-GUSTO,FAGE,Fathers age at birth of child (yrs),831,831
ki1126927-GUSTO,FHTCM,Fathers height (cm),174,174
ki1126927-GUSTO,FWTKG,Fathers weight (kg),782,782
ki1126927-GUSTO,FWORK,Father type of work,664,664
ki1135781-COHORTS,MAGE,Maternal age at birth of child (yrs),20002,20002
ki1135781-COHORTS,MHTCM,Maternal height (cm),14372,14372
ki1135781-COHORTS,MPREG,Mother pregnant during study?,153,153
ki1135781-COHORTS,MMARIT,Mothers marital status,19656,19656
ki1135781-COHORTS,MEDUCYRS,"Mother, years of education",20274,20274
ki1135781-COHORTS,FAGE,Fathers age at birth of child (yrs),8546,8546
ki1135781-COHORTS,FHTCM,Fathers height (cm),856,856
ki1135781-COHORTS,FEDUCYRS,"Father, years of education",13314,13314
ki1135781-COHORTS,SES,Socioeconomic status of parent,18457,18457
ki1135978-Fels,MAGE,Maternal age at birth of child (yrs),2024,2024
ki1135978-Fels,METHNIC,Maternal ethnicity,1304,1304
ki1135978-Fels,MHTCM,Maternal height (cm),1024,1024
ki1135978-Fels,MSMKSTAT,Maternal smoking status,1296,1296
ki1135978-Fels,MSMKYRS,Maternal years smoking,484,484
ki1135978-Fels,FETHNIC,Fathers ethnicity,1295,1295
ki1135978-Fels,FAGE,Fathers age at birth of child (yrs),1919,1919
ki1135978-Fels,FHTCM,Fathers height (cm),904,904
ki1135978-Fels,FSMKSTAT,Fathers smoking status,1262,1262
ki1135978-Fels,FSMKYRS,Fathers years smoking,639,639
ki1148112-LCNI-5,MEDUCYRS,"Mother, years of education",814,814
ki1148112-LCNI-5,FEDUCYRS,"Father, years of education",813,813
ki1148112-iLiNS-DOSE,MAGE,Maternal age at birth of child (yrs),1850,1850
ki1148112-iLiNS-DOSE,MTRIBE,Maternal Tribe,1476,1476
ki1148112-iLiNS-DOSE,MMARIT,Mothers marital status,1875,1875
ki1148112-iLiNS-DOSE,MEDUCYRS,"Mother, years of education",1868,1868
ki1148112-iLiNS-DOSE,MWORK,Mother type or work,1810,1810
ki1148112-iLiNS-DOSE,MHOUSEH,Mother lives in household,1826,1826
ki1148112-iLiNS-DOSE,FTRIBE,Fathers Tribe,1429,1429
ki1148112-iLiNS-DOSE,FAGE,Fathers age at birth of child (yrs),1713,1713
ki1148112-iLiNS-DOSE,FEDUCYRS,"Father, years of education",1808,1808
ki1148112-iLiNS-DOSE,FWORK,Father type of work,1633,1633
ki1148112-iLiNS-DOSE,FHOUSEH,Father lives in household,1815,1815
ki1148112-iLiNS-DYAD-M,MAGE,Maternal age at birth of child (yrs),1245,1245
ki1148112-iLiNS-DYAD-M,MTRIBE,Maternal Tribe,1166,1166
ki1148112-iLiNS-DYAD-M,MMARIT,Mothers marital status,1246,1246
ki1148112-iLiNS-DYAD-M,MEDUCYRS,"Mother, years of education",1245,1245
ki1148112-iLiNS-DYAD-M,MWORK,Mother type or work,1229,1229
ki1148112-iLiNS-DYAD-M,FTRIBE,Fathers Tribe,1168,1168
ki1148112-iLiNS-DYAD-M,FAGE,Fathers age at birth of child (yrs),1196,1196
ki1148112-iLiNS-DYAD-M,FEDUCYRS,"Father, years of education",1245,1245
ki1148112-iLiNS-DYAD-M,FWORK,Father type of work,1172,1172
ki1148112-iLiNS-DYAD-M,FHOUSEH,Father lives in household,1232,1232
ki1164596-Ecuador Egg,MAGE,Maternal age at birth of child (yrs),160,160
ki1164596-Ecuador Egg,MMARIT,Mothers marital status,159,159
ki1164596-Ecuador Egg,MEDUCYRS,"Mother, years of education",160,160
ki1164596-Ecuador Egg,MWORK,Mother type or work,160,160
ki1164596-Ecuador Egg,FWORK,Father type of work,156,156
kiGH5241-JiVitA-3,MAGE,Maternal age at birth of child (yrs),28516,28516
kiGH5241-JiVitA-3,MHTCM,Maternal height (cm),28399,28399
kiGH5241-JiVitA-3,MWTKG,Maternal weight (kg),28398,28398
kiGH5241-JiVitA-3,MBMI,Maternal BMI (kg/m**2),28396,28396
kiGH5241-JiVitA-3,MEDUCYRS,"Mother, years of education",28472,28472
kiGH5241-JiVitA-3,MWORK,Mother type or work,10770,10770
kiGH5241-JiVitA-3,MWORKTM,"Mother, time spent at work",10770,10770
kiGH5241-JiVitA-3,MHGB,Maternal Hemoglobin (g/dL),1694,1694
kiGH5241-JiVitA-3,FSMKSTAT,Fathers smoking status,28392,28392
kiGH5241-JiVitA-3,FEDUCYRS,"Father, years of education",27440,27440
kiGH5241-JiVitA-3,FWORK,Father type of work,28452,28452
kiGH5241-JiVitA-3,FWORKTM,"Father, time spent at work",28455,28455
kiGH5307-ANISA,MAGE,Maternal age at birth of child (yrs),72370,72370
kiGH5307-ANISA,MMUAC,Maternal MUAC (cm),63899,63899
kiGH5307-ANISA,MPREG,Mother pregnant during study?,72837,72837
kiGH5307-ANISA,MAGEDTH,Maternal age at death (yrs),75,75
kiGH5307-ANISA,MCAUSDTH,Maternal cause of death,82,82
kiGH5307-ANISA,MMARIT,Mothers marital status,44062,44062
kiGH5307-ANISA,MEDUCYRS,"Mother, years of education",39243,39243
kiGH5307-ANISA,MWORK,Mother type or work,12364,12364
kiGH5307-ANISA,FEDUCYRS,"Father, years of education",44062,44062
