STUDYID,RELTIVEN,RELTIVE,RANTHROTESTCD,RANTHROTEST,AGECATN,AGECAT,COUNT_OBS,COUNT_SUBJ,RANTHROCAT
MANA-2.0,1,Mother,WTKG,Weight (kg),0,0 Months,20506,20506,Anthropometry
MANA-2.0,1,Mother,HTCM,Standing height (cm),0,0 Months,20581,20581,Anthropometry
MANA-2.0,1,Mother,BMI,BMI (kg/m**2),0,0 Months,20384,20384,Anthropometry
MANA-3.0,1,Mother,WTKG,Weight (kg),0,0 Months,11975,11975,Anthropometry
MANA-3.0,1,Mother,HTCM,Standing height (cm),0,0 Months,12486,12486,Anthropometry
MANA-3.0,1,Mother,BMI,BMI (kg/m**2),0,0 Months,11975,11975,Anthropometry
ki1000302-TTBW,1,Mother,WTKG,Weight (kg),0,0 Months,1759,1759,Anthropometry
ki1000302-TTBW,1,Mother,HTCM,Standing height (cm),0,0 Months,1758,1758,Anthropometry
ki1000302-TTBW,1,Mother,BMI,BMI (kg/m**2),0,0 Months,1757,1757,Anthropometry
ki1000302-TTBW,1,Mother,MUACCM,Mid upper-arm circumference (cm),0,0 Months,336,336,Anthropometry
ki1000302-TTBW,1,Mother,TSFTMM,Triceps skinfold thickness (mm),0,0 Months,363,363,Anthropometry
ki1000302-TTBW,1,Mother,SSFTMM,Subscapular skinfold thickness (mm),0,0 Months,360,360,Anthropometry
ki1000302-TTBW,1,Mother,BSFTMM,Biceps skinfold thickness (mm),0,0 Months,363,363,Secondary Anthropometry
ki1000302-TTBW,1,Mother,SIFTMM,Suprailiac skinfold thickness (mm),0,0 Months,336,336,Secondary Anthropometry
ki1000302-TTBW,1,Mother,FMKG,Fat mass (kg),0,0 Months,339,339,Body Composition
ki1000302-TTBW,1,Mother,FMPCT,Fat mass (% of body weight),0,0 Months,340,340,Body Composition
ki1000305-CordBloodCytometry,1,Mother,WTKG,Weight (kg),-1,Prenatal,487,487,Anthropometry
ki1000305-CordBloodCytometry,1,Mother,WTKG,Weight (kg),0,0 Months,457,457,Anthropometry
ki1000305-CordBloodCytometry,1,Mother,HTCM,Standing height (cm),0,0 Months,487,487,Anthropometry
ki1000305-CordBloodCytometry,1,Mother,BMI,BMI (kg/m**2),0,0 Months,436,436,Anthropometry
ki1125811-MayaDualBurden,1,Mother,WTKG,Weight (kg),240,20 Years,1,1,Anthropometry
ki1125811-MayaDualBurden,1,Mother,WTKG,Weight (kg),300,25 Years,12,12,Anthropometry
ki1125811-MayaDualBurden,1,Mother,WTKG,Weight (kg),360,30 Years,15,15,Anthropometry
ki1125811-MayaDualBurden,1,Mother,WTKG,Weight (kg),420,35 Years,13,13,Anthropometry
ki1125811-MayaDualBurden,1,Mother,WTKG,Weight (kg),480,40 Years,12,12,Anthropometry
ki1125811-MayaDualBurden,1,Mother,WTKG,Weight (kg),540,45 Years,4,4,Anthropometry
ki1125811-MayaDualBurden,1,Mother,WTKG,Weight (kg),600,50 Years,1,1,Anthropometry
ki1125811-MayaDualBurden,1,Mother,HTCM,Standing height (cm),240,20 Years,1,1,Anthropometry
ki1125811-MayaDualBurden,1,Mother,HTCM,Standing height (cm),300,25 Years,12,12,Anthropometry
ki1125811-MayaDualBurden,1,Mother,HTCM,Standing height (cm),360,30 Years,15,15,Anthropometry
ki1125811-MayaDualBurden,1,Mother,HTCM,Standing height (cm),420,35 Years,13,13,Anthropometry
ki1125811-MayaDualBurden,1,Mother,HTCM,Standing height (cm),480,40 Years,12,12,Anthropometry
ki1125811-MayaDualBurden,1,Mother,HTCM,Standing height (cm),540,45 Years,4,4,Anthropometry
ki1125811-MayaDualBurden,1,Mother,HTCM,Standing height (cm),600,50 Years,1,1,Anthropometry
ki1125811-MayaDualBurden,1,Mother,BMI,BMI (kg/m**2),240,20 Years,1,1,Anthropometry
ki1125811-MayaDualBurden,1,Mother,BMI,BMI (kg/m**2),300,25 Years,12,12,Anthropometry
ki1125811-MayaDualBurden,1,Mother,BMI,BMI (kg/m**2),360,30 Years,15,15,Anthropometry
ki1125811-MayaDualBurden,1,Mother,BMI,BMI (kg/m**2),420,35 Years,13,13,Anthropometry
ki1125811-MayaDualBurden,1,Mother,BMI,BMI (kg/m**2),480,40 Years,12,12,Anthropometry
ki1125811-MayaDualBurden,1,Mother,BMI,BMI (kg/m**2),540,45 Years,4,4,Anthropometry
ki1125811-MayaDualBurden,1,Mother,BMI,BMI (kg/m**2),600,50 Years,1,1,Anthropometry
ki1125811-MayaDualBurden,1,Mother,MUACCM,Mid upper-arm circumference (cm),240,20 Years,1,1,Anthropometry
ki1125811-MayaDualBurden,1,Mother,MUACCM,Mid upper-arm circumference (cm),300,25 Years,12,12,Anthropometry
ki1125811-MayaDualBurden,1,Mother,MUACCM,Mid upper-arm circumference (cm),360,30 Years,15,15,Anthropometry
ki1125811-MayaDualBurden,1,Mother,MUACCM,Mid upper-arm circumference (cm),420,35 Years,13,13,Anthropometry
ki1125811-MayaDualBurden,1,Mother,MUACCM,Mid upper-arm circumference (cm),480,40 Years,12,12,Anthropometry
ki1125811-MayaDualBurden,1,Mother,MUACCM,Mid upper-arm circumference (cm),540,45 Years,4,4,Anthropometry
ki1125811-MayaDualBurden,1,Mother,MUACCM,Mid upper-arm circumference (cm),600,50 Years,1,1,Anthropometry
ki1125811-MayaDualBurden,1,Mother,TSFTMM,Triceps skinfold thickness (mm),240,20 Years,1,1,Anthropometry
ki1125811-MayaDualBurden,1,Mother,TSFTMM,Triceps skinfold thickness (mm),300,25 Years,12,12,Anthropometry
ki1125811-MayaDualBurden,1,Mother,TSFTMM,Triceps skinfold thickness (mm),360,30 Years,15,15,Anthropometry
ki1125811-MayaDualBurden,1,Mother,TSFTMM,Triceps skinfold thickness (mm),420,35 Years,13,13,Anthropometry
ki1125811-MayaDualBurden,1,Mother,TSFTMM,Triceps skinfold thickness (mm),480,40 Years,12,12,Anthropometry
ki1125811-MayaDualBurden,1,Mother,TSFTMM,Triceps skinfold thickness (mm),540,45 Years,4,4,Anthropometry
ki1125811-MayaDualBurden,1,Mother,TSFTMM,Triceps skinfold thickness (mm),600,50 Years,1,1,Anthropometry
ki1125811-MayaDualBurden,1,Mother,SITHTCM,Sitting height (cm),240,20 Years,1,1,"Anthropometry, Alternate Method"
ki1125811-MayaDualBurden,1,Mother,SITHTCM,Sitting height (cm),300,25 Years,12,12,"Anthropometry, Alternate Method"
ki1125811-MayaDualBurden,1,Mother,SITHTCM,Sitting height (cm),360,30 Years,14,14,"Anthropometry, Alternate Method"
ki1125811-MayaDualBurden,1,Mother,SITHTCM,Sitting height (cm),420,35 Years,13,13,"Anthropometry, Alternate Method"
ki1125811-MayaDualBurden,1,Mother,SITHTCM,Sitting height (cm),480,40 Years,12,12,"Anthropometry, Alternate Method"
ki1125811-MayaDualBurden,1,Mother,SITHTCM,Sitting height (cm),540,45 Years,4,4,"Anthropometry, Alternate Method"
ki1125811-MayaDualBurden,1,Mother,SITHTCM,Sitting height (cm),600,50 Years,1,1,"Anthropometry, Alternate Method"
ki1125811-MayaDualBurden,1,Mother,WSTCIRCM,Waist circumference (cm),240,20 Years,1,1,Secondary Anthropometry
ki1125811-MayaDualBurden,1,Mother,WSTCIRCM,Waist circumference (cm),300,25 Years,11,11,Secondary Anthropometry
ki1125811-MayaDualBurden,1,Mother,WSTCIRCM,Waist circumference (cm),360,30 Years,15,15,Secondary Anthropometry
ki1125811-MayaDualBurden,1,Mother,WSTCIRCM,Waist circumference (cm),420,35 Years,13,13,Secondary Anthropometry
ki1125811-MayaDualBurden,1,Mother,WSTCIRCM,Waist circumference (cm),480,40 Years,12,12,Secondary Anthropometry
ki1125811-MayaDualBurden,1,Mother,WSTCIRCM,Waist circumference (cm),540,45 Years,4,4,Secondary Anthropometry
ki1125811-MayaDualBurden,1,Mother,WSTCIRCM,Waist circumference (cm),600,50 Years,1,1,Secondary Anthropometry
ki1125811-MayaDualBurden,1,Mother,KNHTCM,Knee height (cm),240,20 Years,1,1,Secondary Anthropometry
ki1125811-MayaDualBurden,1,Mother,KNHTCM,Knee height (cm),300,25 Years,12,12,Secondary Anthropometry
ki1125811-MayaDualBurden,1,Mother,KNHTCM,Knee height (cm),360,30 Years,15,15,Secondary Anthropometry
ki1125811-MayaDualBurden,1,Mother,KNHTCM,Knee height (cm),420,35 Years,13,13,Secondary Anthropometry
ki1125811-MayaDualBurden,1,Mother,KNHTCM,Knee height (cm),480,40 Years,12,12,Secondary Anthropometry
ki1125811-MayaDualBurden,1,Mother,KNHTCM,Knee height (cm),540,45 Years,4,4,Secondary Anthropometry
ki1125811-MayaDualBurden,1,Mother,KNHTCM,Knee height (cm),600,50 Years,1,1,Secondary Anthropometry
ki1000110-WASH-Bangladesh,1,Mother,WTKG,Weight (kg),1,1 Months,1,1,Anthropometry
ki1000110-WASH-Bangladesh,1,Mother,WTKG,Weight (kg),3,3 Months,2,2,Anthropometry
ki1000110-WASH-Bangladesh,1,Mother,WTKG,Weight (kg),4,4 Months,14,14,Anthropometry
ki1000110-WASH-Bangladesh,1,Mother,WTKG,Weight (kg),5,5 Months,98,98,Anthropometry
ki1000110-WASH-Bangladesh,1,Mother,WTKG,Weight (kg),6,6 Months,987,987,Anthropometry
ki1000110-WASH-Bangladesh,1,Mother,WTKG,Weight (kg),9,9 Months,2820,2820,Anthropometry
ki1000110-WASH-Bangladesh,1,Mother,WTKG,Weight (kg),12,12 Months,773,773,Anthropometry
ki1000110-WASH-Bangladesh,1,Mother,WTKG,Weight (kg),15,15 Months,16,16,Anthropometry
ki1000110-WASH-Bangladesh,1,Mother,WTKG,Weight (kg),18,18 Months,239,239,Anthropometry
ki1000110-WASH-Bangladesh,1,Mother,WTKG,Weight (kg),21,21 Months,2229,2229,Anthropometry
ki1000110-WASH-Bangladesh,1,Mother,WTKG,Weight (kg),24,24 Months,1803,1803,Anthropometry
ki1000110-WASH-Bangladesh,1,Mother,WTKG,Weight (kg),27,27 Months,315,315,Anthropometry
ki1000110-WASH-Bangladesh,1,Mother,WTKG,Weight (kg),30,30 Months,17,17,Anthropometry
ki1000110-WASH-Bangladesh,1,Mother,WTKG,Weight (kg),33,33 Months,6,6,Anthropometry
ki1000110-WASH-Bangladesh,1,Mother,WTKG,Weight (kg),36,36 Months,5,5,Anthropometry
ki1000110-WASH-Bangladesh,1,Mother,WTKG,Weight (kg),39,39 Months,1,1,Anthropometry
ki1000153-HealthyStart,1,Mother,WTKG,Weight (kg),-1,Prenatal,15422,1364,Anthropometry
ki1000153-HealthyStart,1,Mother,WTKG,Weight (kg),0,0 Months,35,35,Anthropometry
ki1000153-HealthyStart,1,Mother,WTKG,Weight (kg),1,1 Months,8,5,Anthropometry
ki1000153-HealthyStart,1,Mother,WTKG,Weight (kg),2,2 Months,8,4,Anthropometry
ki1000153-HealthyStart,1,Mother,WTKG,Weight (kg),4,4 Months,3,3,Anthropometry
ki1000153-HealthyStart,1,Mother,WTKG,Weight (kg),5,5 Months,7,7,Anthropometry
ki1000153-HealthyStart,1,Mother,WTKG,Weight (kg),6,6 Months,9,8,Anthropometry
ki1000153-HealthyStart,1,Mother,WTKG,Weight (kg),9,9 Months,9,5,Anthropometry
ki1000153-HealthyStart,1,Mother,WTKG,Weight (kg),12,12 Months,1,1,Anthropometry
ki1000153-HealthyStart,1,Mother,WTKG,Weight (kg),24,24 Months,1,1,Anthropometry
ki1000153-HealthyStart,1,Mother,HTCM,Standing height (cm),-1,Prenatal,2538,1363,Anthropometry
ki1000153-HealthyStart,1,Mother,HTCM,Standing height (cm),9,9 Months,1,1,Anthropometry
ki1000153-HealthyStart,1,Mother,BMI,BMI (kg/m**2),-1,Prenatal,2533,1362,Anthropometry
ki1000153-HealthyStart,1,Mother,BMI,BMI (kg/m**2),9,9 Months,1,1,Anthropometry
ki1000153-HealthyStart,1,Mother,TSFTMM,Triceps skinfold thickness (mm),-1,Prenatal,2547,1360,Anthropometry
ki1000153-HealthyStart,1,Mother,TSFTMM,Triceps skinfold thickness (mm),9,9 Months,1,1,Anthropometry
ki1000153-HealthyStart,1,Mother,SSFTMM,Subscapular skinfold thickness (mm),-1,Prenatal,2545,1360,Anthropometry
ki1000153-HealthyStart,1,Mother,SSFTMM,Subscapular skinfold thickness (mm),9,9 Months,1,1,Anthropometry
ki1000153-HealthyStart,1,Mother,SIFTMM,Suprailiac skinfold thickness (mm),-1,Prenatal,2546,1360,Secondary Anthropometry
ki1000153-HealthyStart,1,Mother,SIFTMM,Suprailiac skinfold thickness (mm),9,9 Months,1,1,Secondary Anthropometry
ki1000156-Dutch Famine,1,Mother,WTKG,Weight (kg),0,0 Months,1974,1974,Anthropometry
ki1000156-Dutch Famine,1,Mother,WTKG,Weight (kg),1,1 Months,212,212,Anthropometry
ki1000156-Dutch Famine,1,Mother,WTKG,Weight (kg),2,2 Months,9,9,Anthropometry
ki1000156-Dutch Famine,1,Mother,WTKG,Weight (kg),3,3 Months,1,1,Anthropometry
ki1000301-DIVIDS,1,Mother,WTKG,Weight (kg),0,0 Months,137,137,Anthropometry
ki1000301-DIVIDS,1,Mother,WTKG,Weight (kg),1,1 Months,1454,1454,Anthropometry
ki1000301-DIVIDS,1,Mother,WTKG,Weight (kg),2,2 Months,1660,1660,Anthropometry
ki1000301-DIVIDS,1,Mother,WTKG,Weight (kg),3,3 Months,1741,1741,Anthropometry
ki1000301-DIVIDS,1,Mother,WTKG,Weight (kg),4,4 Months,1785,1785,Anthropometry
ki1000301-DIVIDS,1,Mother,WTKG,Weight (kg),5,5 Months,1807,1805,Anthropometry
ki1000301-DIVIDS,1,Mother,WTKG,Weight (kg),6,6 Months,1811,1811,Anthropometry
ki1000301-DIVIDS,1,Mother,WTKG,Weight (kg),9,9 Months,2,2,Anthropometry
ki1000301-DIVIDS,1,Mother,HTCM,Standing height (cm),0,0 Months,1198,1198,Anthropometry
ki1000301-DIVIDS,1,Mother,HTCM,Standing height (cm),1,1 Months,1198,1198,Anthropometry
ki1000301-DIVIDS,1,Mother,HTCM,Standing height (cm),2,2 Months,1198,1198,Anthropometry
ki1000301-DIVIDS,1,Mother,HTCM,Standing height (cm),3,3 Months,1198,1198,Anthropometry
ki1000301-DIVIDS,1,Mother,HTCM,Standing height (cm),4,4 Months,1198,1198,Anthropometry
ki1000301-DIVIDS,1,Mother,HTCM,Standing height (cm),5,5 Months,1200,1198,Anthropometry
ki1000301-DIVIDS,1,Mother,HTCM,Standing height (cm),6,6 Months,1194,1194,Anthropometry
ki1000301-DIVIDS,1,Mother,HTCM,Standing height (cm),9,9 Months,2,2,Anthropometry
ki1000301-DIVIDS,1,Mother,BMI,BMI (kg/m**2),0,0 Months,128,128,Anthropometry
ki1000301-DIVIDS,1,Mother,BMI,BMI (kg/m**2),1,1 Months,993,993,Anthropometry
ki1000301-DIVIDS,1,Mother,BMI,BMI (kg/m**2),2,2 Months,1108,1108,Anthropometry
ki1000301-DIVIDS,1,Mother,BMI,BMI (kg/m**2),3,3 Months,1154,1154,Anthropometry
ki1000301-DIVIDS,1,Mother,BMI,BMI (kg/m**2),4,4 Months,1177,1177,Anthropometry
ki1000301-DIVIDS,1,Mother,BMI,BMI (kg/m**2),5,5 Months,1189,1187,Anthropometry
ki1000301-DIVIDS,1,Mother,BMI,BMI (kg/m**2),6,6 Months,1188,1188,Anthropometry
ki1000301-DIVIDS,1,Mother,BMI,BMI (kg/m**2),9,9 Months,2,2,Anthropometry
ki1000301-DIVIDS,1,Mother,MUACCM,Mid upper-arm circumference (cm),0,0 Months,130,130,Anthropometry
ki1000301-DIVIDS,1,Mother,MUACCM,Mid upper-arm circumference (cm),1,1 Months,1376,1376,Anthropometry
ki1000301-DIVIDS,1,Mother,MUACCM,Mid upper-arm circumference (cm),2,2 Months,1586,1586,Anthropometry
ki1000301-DIVIDS,1,Mother,MUACCM,Mid upper-arm circumference (cm),3,3 Months,1695,1695,Anthropometry
ki1000301-DIVIDS,1,Mother,MUACCM,Mid upper-arm circumference (cm),4,4 Months,1753,1753,Anthropometry
ki1000301-DIVIDS,1,Mother,MUACCM,Mid upper-arm circumference (cm),5,5 Months,1783,1781,Anthropometry
ki1000301-DIVIDS,1,Mother,MUACCM,Mid upper-arm circumference (cm),6,6 Months,1791,1791,Anthropometry
ki1000301-DIVIDS,1,Mother,MUACCM,Mid upper-arm circumference (cm),9,9 Months,2,2,Anthropometry
ki1000303-BtS,1,Mother,WTKG,Weight (kg),96,8 Years,1,1,Anthropometry
ki1000303-BtS,1,Mother,WTKG,Weight (kg),108,9 Years,2,2,Anthropometry
ki1000303-BtS,1,Mother,WTKG,Weight (kg),120,10 Years,67,67,Anthropometry
ki1000303-BtS,1,Mother,WTKG,Weight (kg),132,11 Years,96,96,Anthropometry
ki1000303-BtS,1,Mother,WTKG,Weight (kg),144,12 Years,96,96,Anthropometry
ki1000303-BtS,1,Mother,WTKG,Weight (kg),156,13 Years,80,80,Anthropometry
ki1000303-BtS,1,Mother,WTKG,Weight (kg),168,14 Years,112,112,Anthropometry
ki1000303-BtS,1,Mother,WTKG,Weight (kg),180,15 Years,90,90,Anthropometry
ki1000303-BtS,1,Mother,WTKG,Weight (kg),192,16 Years,24,24,Anthropometry
ki1000303-BtS,1,Mother,HTCM,Standing height (cm),96,8 Years,1,1,Anthropometry
ki1000303-BtS,1,Mother,HTCM,Standing height (cm),108,9 Years,2,2,Anthropometry
ki1000303-BtS,1,Mother,HTCM,Standing height (cm),120,10 Years,67,67,Anthropometry
ki1000303-BtS,1,Mother,HTCM,Standing height (cm),132,11 Years,96,96,Anthropometry
ki1000303-BtS,1,Mother,HTCM,Standing height (cm),144,12 Years,96,96,Anthropometry
ki1000303-BtS,1,Mother,HTCM,Standing height (cm),156,13 Years,80,80,Anthropometry
ki1000303-BtS,1,Mother,HTCM,Standing height (cm),168,14 Years,112,112,Anthropometry
ki1000303-BtS,1,Mother,HTCM,Standing height (cm),180,15 Years,90,90,Anthropometry
ki1000303-BtS,1,Mother,HTCM,Standing height (cm),192,16 Years,24,24,Anthropometry
ki1000303-BtS,1,Mother,BMI,BMI (kg/m**2),96,8 Years,1,1,Anthropometry
ki1000303-BtS,1,Mother,BMI,BMI (kg/m**2),108,9 Years,2,2,Anthropometry
ki1000303-BtS,1,Mother,BMI,BMI (kg/m**2),120,10 Years,67,67,Anthropometry
ki1000303-BtS,1,Mother,BMI,BMI (kg/m**2),132,11 Years,96,96,Anthropometry
ki1000303-BtS,1,Mother,BMI,BMI (kg/m**2),144,12 Years,96,96,Anthropometry
ki1000303-BtS,1,Mother,BMI,BMI (kg/m**2),156,13 Years,80,80,Anthropometry
ki1000303-BtS,1,Mother,BMI,BMI (kg/m**2),168,14 Years,112,112,Anthropometry
ki1000303-BtS,1,Mother,BMI,BMI (kg/m**2),180,15 Years,90,90,Anthropometry
ki1000303-BtS,1,Mother,BMI,BMI (kg/m**2),192,16 Years,24,24,Anthropometry
ki1000303-BtS,1,Mother,MUACCM,Mid upper-arm circumference (cm),96,8 Years,1,1,Anthropometry
ki1000303-BtS,1,Mother,MUACCM,Mid upper-arm circumference (cm),108,9 Years,2,2,Anthropometry
ki1000303-BtS,1,Mother,MUACCM,Mid upper-arm circumference (cm),120,10 Years,67,67,Anthropometry
ki1000303-BtS,1,Mother,MUACCM,Mid upper-arm circumference (cm),132,11 Years,96,96,Anthropometry
ki1000303-BtS,1,Mother,MUACCM,Mid upper-arm circumference (cm),144,12 Years,96,96,Anthropometry
ki1000303-BtS,1,Mother,MUACCM,Mid upper-arm circumference (cm),156,13 Years,80,80,Anthropometry
ki1000303-BtS,1,Mother,MUACCM,Mid upper-arm circumference (cm),168,14 Years,112,112,Anthropometry
ki1000303-BtS,1,Mother,MUACCM,Mid upper-arm circumference (cm),180,15 Years,90,90,Anthropometry
ki1000303-BtS,1,Mother,MUACCM,Mid upper-arm circumference (cm),192,16 Years,24,24,Anthropometry
ki1000303-BtS,1,Mother,WSTCIRCM,Waist circumference (cm),96,8 Years,1,1,Secondary Anthropometry
ki1000303-BtS,1,Mother,WSTCIRCM,Waist circumference (cm),108,9 Years,2,2,Secondary Anthropometry
ki1000303-BtS,1,Mother,WSTCIRCM,Waist circumference (cm),120,10 Years,67,67,Secondary Anthropometry
ki1000303-BtS,1,Mother,WSTCIRCM,Waist circumference (cm),132,11 Years,96,96,Secondary Anthropometry
ki1000303-BtS,1,Mother,WSTCIRCM,Waist circumference (cm),144,12 Years,96,96,Secondary Anthropometry
ki1000303-BtS,1,Mother,WSTCIRCM,Waist circumference (cm),156,13 Years,80,80,Secondary Anthropometry
ki1000303-BtS,1,Mother,WSTCIRCM,Waist circumference (cm),168,14 Years,112,112,Secondary Anthropometry
ki1000303-BtS,1,Mother,WSTCIRCM,Waist circumference (cm),180,15 Years,90,90,Secondary Anthropometry
ki1000303-BtS,1,Mother,WSTCIRCM,Waist circumference (cm),192,16 Years,24,24,Secondary Anthropometry
ki1000303-BtS,1,Mother,HPCIRCM,Hip circumference (cm),96,8 Years,1,1,Secondary Anthropometry
ki1000303-BtS,1,Mother,HPCIRCM,Hip circumference (cm),108,9 Years,2,2,Secondary Anthropometry
ki1000303-BtS,1,Mother,HPCIRCM,Hip circumference (cm),120,10 Years,67,67,Secondary Anthropometry
ki1000303-BtS,1,Mother,HPCIRCM,Hip circumference (cm),132,11 Years,96,96,Secondary Anthropometry
ki1000303-BtS,1,Mother,HPCIRCM,Hip circumference (cm),144,12 Years,96,96,Secondary Anthropometry
ki1000303-BtS,1,Mother,HPCIRCM,Hip circumference (cm),156,13 Years,80,80,Secondary Anthropometry
ki1000303-BtS,1,Mother,HPCIRCM,Hip circumference (cm),168,14 Years,112,112,Secondary Anthropometry
ki1000303-BtS,1,Mother,HPCIRCM,Hip circumference (cm),180,15 Years,90,90,Secondary Anthropometry
ki1000303-BtS,1,Mother,HPCIRCM,Hip circumference (cm),192,16 Years,24,24,Secondary Anthropometry
ki1000303-BtS,1,Mother,FMPCT,Fat mass (% of body weight),96,8 Years,1,1,Body Composition
ki1000303-BtS,1,Mother,FMPCT,Fat mass (% of body weight),108,9 Years,2,2,Body Composition
ki1000303-BtS,1,Mother,FMPCT,Fat mass (% of body weight),120,10 Years,67,67,Body Composition
ki1000303-BtS,1,Mother,FMPCT,Fat mass (% of body weight),132,11 Years,96,96,Body Composition
ki1000303-BtS,1,Mother,FMPCT,Fat mass (% of body weight),144,12 Years,96,96,Body Composition
ki1000303-BtS,1,Mother,FMPCT,Fat mass (% of body weight),156,13 Years,80,80,Body Composition
ki1000303-BtS,1,Mother,FMPCT,Fat mass (% of body weight),168,14 Years,112,112,Body Composition
ki1000303-BtS,1,Mother,FMPCT,Fat mass (% of body weight),180,15 Years,90,90,Body Composition
ki1000303-BtS,1,Mother,FMPCT,Fat mass (% of body weight),192,16 Years,24,24,Body Composition
ki1000303-BtS,1,Mother,FMRARM,"Fat mass, right arm (kg)",96,8 Years,1,1,Body Composition
ki1000303-BtS,1,Mother,FMRARM,"Fat mass, right arm (kg)",108,9 Years,2,2,Body Composition
ki1000303-BtS,1,Mother,FMRARM,"Fat mass, right arm (kg)",120,10 Years,67,67,Body Composition
ki1000303-BtS,1,Mother,FMRARM,"Fat mass, right arm (kg)",132,11 Years,96,96,Body Composition
ki1000303-BtS,1,Mother,FMRARM,"Fat mass, right arm (kg)",144,12 Years,96,96,Body Composition
ki1000303-BtS,1,Mother,FMRARM,"Fat mass, right arm (kg)",156,13 Years,80,80,Body Composition
ki1000303-BtS,1,Mother,FMRARM,"Fat mass, right arm (kg)",168,14 Years,112,112,Body Composition
ki1000303-BtS,1,Mother,FMRARM,"Fat mass, right arm (kg)",180,15 Years,90,90,Body Composition
ki1000303-BtS,1,Mother,FMRARM,"Fat mass, right arm (kg)",192,16 Years,24,24,Body Composition
ki1000303-BtS,1,Mother,FMLARM,"Fat mass, left arm (kg)",96,8 Years,1,1,Body Composition
ki1000303-BtS,1,Mother,FMLARM,"Fat mass, left arm (kg)",108,9 Years,2,2,Body Composition
ki1000303-BtS,1,Mother,FMLARM,"Fat mass, left arm (kg)",120,10 Years,67,67,Body Composition
ki1000303-BtS,1,Mother,FMLARM,"Fat mass, left arm (kg)",132,11 Years,96,96,Body Composition
ki1000303-BtS,1,Mother,FMLARM,"Fat mass, left arm (kg)",144,12 Years,96,96,Body Composition
ki1000303-BtS,1,Mother,FMLARM,"Fat mass, left arm (kg)",156,13 Years,80,80,Body Composition
ki1000303-BtS,1,Mother,FMLARM,"Fat mass, left arm (kg)",168,14 Years,112,112,Body Composition
ki1000303-BtS,1,Mother,FMLARM,"Fat mass, left arm (kg)",180,15 Years,90,90,Body Composition
ki1000303-BtS,1,Mother,FMLARM,"Fat mass, left arm (kg)",192,16 Years,24,24,Body Composition
ki1000303-BtS,1,Mother,FMRLEG,"Fat mass, right leg (kg)",96,8 Years,1,1,Body Composition
ki1000303-BtS,1,Mother,FMRLEG,"Fat mass, right leg (kg)",108,9 Years,2,2,Body Composition
ki1000303-BtS,1,Mother,FMRLEG,"Fat mass, right leg (kg)",120,10 Years,67,67,Body Composition
ki1000303-BtS,1,Mother,FMRLEG,"Fat mass, right leg (kg)",132,11 Years,96,96,Body Composition
ki1000303-BtS,1,Mother,FMRLEG,"Fat mass, right leg (kg)",144,12 Years,96,96,Body Composition
ki1000303-BtS,1,Mother,FMRLEG,"Fat mass, right leg (kg)",156,13 Years,80,80,Body Composition
ki1000303-BtS,1,Mother,FMRLEG,"Fat mass, right leg (kg)",168,14 Years,112,112,Body Composition
ki1000303-BtS,1,Mother,FMRLEG,"Fat mass, right leg (kg)",180,15 Years,90,90,Body Composition
ki1000303-BtS,1,Mother,FMRLEG,"Fat mass, right leg (kg)",192,16 Years,24,24,Body Composition
ki1000303-BtS,1,Mother,FMLLEG,"Fat mass, left leg (kg)",96,8 Years,1,1,Body Composition
ki1000303-BtS,1,Mother,FMLLEG,"Fat mass, left leg (kg)",108,9 Years,2,2,Body Composition
ki1000303-BtS,1,Mother,FMLLEG,"Fat mass, left leg (kg)",120,10 Years,67,67,Body Composition
ki1000303-BtS,1,Mother,FMLLEG,"Fat mass, left leg (kg)",132,11 Years,96,96,Body Composition
ki1000303-BtS,1,Mother,FMLLEG,"Fat mass, left leg (kg)",144,12 Years,96,96,Body Composition
ki1000303-BtS,1,Mother,FMLLEG,"Fat mass, left leg (kg)",156,13 Years,80,80,Body Composition
ki1000303-BtS,1,Mother,FMLLEG,"Fat mass, left leg (kg)",168,14 Years,112,112,Body Composition
ki1000303-BtS,1,Mother,FMLLEG,"Fat mass, left leg (kg)",180,15 Years,90,90,Body Composition
ki1000303-BtS,1,Mother,FMLLEG,"Fat mass, left leg (kg)",192,16 Years,24,24,Body Composition
ki1000303-BtS,1,Mother,FMTRUNK,"Fat mass, trunk (kg)",96,8 Years,1,1,Body Composition
ki1000303-BtS,1,Mother,FMTRUNK,"Fat mass, trunk (kg)",108,9 Years,2,2,Body Composition
ki1000303-BtS,1,Mother,FMTRUNK,"Fat mass, trunk (kg)",120,10 Years,67,67,Body Composition
ki1000303-BtS,1,Mother,FMTRUNK,"Fat mass, trunk (kg)",132,11 Years,96,96,Body Composition
ki1000303-BtS,1,Mother,FMTRUNK,"Fat mass, trunk (kg)",144,12 Years,96,96,Body Composition
ki1000303-BtS,1,Mother,FMTRUNK,"Fat mass, trunk (kg)",156,13 Years,80,80,Body Composition
ki1000303-BtS,1,Mother,FMTRUNK,"Fat mass, trunk (kg)",168,14 Years,112,112,Body Composition
ki1000303-BtS,1,Mother,FMTRUNK,"Fat mass, trunk (kg)",180,15 Years,90,90,Body Composition
ki1000303-BtS,1,Mother,FMTRUNK,"Fat mass, trunk (kg)",192,16 Years,24,24,Body Composition
ki1000303-BtS,1,Mother,BONEKG,Bone Mass (kg),96,8 Years,1,1,Body Composition
ki1000303-BtS,1,Mother,BONEKG,Bone Mass (kg),108,9 Years,2,2,Body Composition
ki1000303-BtS,1,Mother,BONEKG,Bone Mass (kg),120,10 Years,67,67,Body Composition
ki1000303-BtS,1,Mother,BONEKG,Bone Mass (kg),132,11 Years,96,96,Body Composition
ki1000303-BtS,1,Mother,BONEKG,Bone Mass (kg),144,12 Years,96,96,Body Composition
ki1000303-BtS,1,Mother,BONEKG,Bone Mass (kg),156,13 Years,80,80,Body Composition
ki1000303-BtS,1,Mother,BONEKG,Bone Mass (kg),168,14 Years,112,112,Body Composition
ki1000303-BtS,1,Mother,BONEKG,Bone Mass (kg),180,15 Years,90,90,Body Composition
ki1000303-BtS,1,Mother,BONEKG,Bone Mass (kg),192,16 Years,24,24,Body Composition
ki1000303-BtS,1,Mother,LEANKG,Lean Muscle Mass (kg),96,8 Years,1,1,Body Composition
ki1000303-BtS,1,Mother,LEANKG,Lean Muscle Mass (kg),108,9 Years,2,2,Body Composition
ki1000303-BtS,1,Mother,LEANKG,Lean Muscle Mass (kg),120,10 Years,67,67,Body Composition
ki1000303-BtS,1,Mother,LEANKG,Lean Muscle Mass (kg),132,11 Years,96,96,Body Composition
ki1000303-BtS,1,Mother,LEANKG,Lean Muscle Mass (kg),144,12 Years,96,96,Body Composition
ki1000303-BtS,1,Mother,LEANKG,Lean Muscle Mass (kg),156,13 Years,80,80,Body Composition
ki1000303-BtS,1,Mother,LEANKG,Lean Muscle Mass (kg),168,14 Years,112,112,Body Composition
ki1000303-BtS,1,Mother,LEANKG,Lean Muscle Mass (kg),180,15 Years,90,90,Body Composition
ki1000303-BtS,1,Mother,LEANKG,Lean Muscle Mass (kg),192,16 Years,24,24,Body Composition
ki1000303-BtS,1,Mother,TBWPC,Total Body Water (% of body weight),96,8 Years,1,1,Body Composition
ki1000303-BtS,1,Mother,TBWPC,Total Body Water (% of body weight),108,9 Years,2,2,Body Composition
ki1000303-BtS,1,Mother,TBWPC,Total Body Water (% of body weight),120,10 Years,66,66,Body Composition
ki1000303-BtS,1,Mother,TBWPC,Total Body Water (% of body weight),132,11 Years,95,95,Body Composition
ki1000303-BtS,1,Mother,TBWPC,Total Body Water (% of body weight),144,12 Years,96,96,Body Composition
ki1000303-BtS,1,Mother,TBWPC,Total Body Water (% of body weight),156,13 Years,80,80,Body Composition
ki1000303-BtS,1,Mother,TBWPC,Total Body Water (% of body weight),168,14 Years,110,110,Body Composition
ki1000303-BtS,1,Mother,TBWPC,Total Body Water (% of body weight),180,15 Years,89,89,Body Composition
ki1000303-BtS,1,Mother,TBWPC,Total Body Water (% of body weight),192,16 Years,24,24,Body Composition
ki1000303-BtS,2,Father,WTKG,Weight (kg),96,8 Years,1,1,Anthropometry
ki1000303-BtS,2,Father,WTKG,Weight (kg),108,9 Years,2,2,Anthropometry
ki1000303-BtS,2,Father,WTKG,Weight (kg),120,10 Years,67,67,Anthropometry
ki1000303-BtS,2,Father,WTKG,Weight (kg),132,11 Years,96,96,Anthropometry
ki1000303-BtS,2,Father,WTKG,Weight (kg),144,12 Years,87,87,Anthropometry
ki1000303-BtS,2,Father,WTKG,Weight (kg),156,13 Years,77,77,Anthropometry
ki1000303-BtS,2,Father,WTKG,Weight (kg),168,14 Years,94,94,Anthropometry
ki1000303-BtS,2,Father,WTKG,Weight (kg),180,15 Years,77,77,Anthropometry
ki1000303-BtS,2,Father,WTKG,Weight (kg),192,16 Years,17,17,Anthropometry
ki1000303-BtS,2,Father,HTCM,Standing height (cm),96,8 Years,1,1,Anthropometry
ki1000303-BtS,2,Father,HTCM,Standing height (cm),108,9 Years,2,2,Anthropometry
ki1000303-BtS,2,Father,HTCM,Standing height (cm),120,10 Years,67,67,Anthropometry
ki1000303-BtS,2,Father,HTCM,Standing height (cm),132,11 Years,96,96,Anthropometry
ki1000303-BtS,2,Father,HTCM,Standing height (cm),144,12 Years,87,87,Anthropometry
ki1000303-BtS,2,Father,HTCM,Standing height (cm),156,13 Years,77,77,Anthropometry
ki1000303-BtS,2,Father,HTCM,Standing height (cm),168,14 Years,94,94,Anthropometry
ki1000303-BtS,2,Father,HTCM,Standing height (cm),180,15 Years,77,77,Anthropometry
ki1000303-BtS,2,Father,HTCM,Standing height (cm),192,16 Years,17,17,Anthropometry
ki1000303-BtS,2,Father,BMI,BMI (kg/m**2),96,8 Years,1,1,Anthropometry
ki1000303-BtS,2,Father,BMI,BMI (kg/m**2),108,9 Years,2,2,Anthropometry
ki1000303-BtS,2,Father,BMI,BMI (kg/m**2),120,10 Years,66,66,Anthropometry
ki1000303-BtS,2,Father,BMI,BMI (kg/m**2),132,11 Years,96,96,Anthropometry
ki1000303-BtS,2,Father,BMI,BMI (kg/m**2),144,12 Years,87,87,Anthropometry
ki1000303-BtS,2,Father,BMI,BMI (kg/m**2),156,13 Years,77,77,Anthropometry
ki1000303-BtS,2,Father,BMI,BMI (kg/m**2),168,14 Years,94,94,Anthropometry
ki1000303-BtS,2,Father,BMI,BMI (kg/m**2),180,15 Years,76,76,Anthropometry
ki1000303-BtS,2,Father,BMI,BMI (kg/m**2),192,16 Years,17,17,Anthropometry
ki1000303-BtS,2,Father,MUACCM,Mid upper-arm circumference (cm),96,8 Years,1,1,Anthropometry
ki1000303-BtS,2,Father,MUACCM,Mid upper-arm circumference (cm),108,9 Years,2,2,Anthropometry
ki1000303-BtS,2,Father,MUACCM,Mid upper-arm circumference (cm),120,10 Years,67,67,Anthropometry
ki1000303-BtS,2,Father,MUACCM,Mid upper-arm circumference (cm),132,11 Years,96,96,Anthropometry
ki1000303-BtS,2,Father,MUACCM,Mid upper-arm circumference (cm),144,12 Years,87,87,Anthropometry
ki1000303-BtS,2,Father,MUACCM,Mid upper-arm circumference (cm),156,13 Years,77,77,Anthropometry
ki1000303-BtS,2,Father,MUACCM,Mid upper-arm circumference (cm),168,14 Years,94,94,Anthropometry
ki1000303-BtS,2,Father,MUACCM,Mid upper-arm circumference (cm),180,15 Years,77,77,Anthropometry
ki1000303-BtS,2,Father,MUACCM,Mid upper-arm circumference (cm),192,16 Years,17,17,Anthropometry
ki1000303-BtS,2,Father,WSTCIRCM,Waist circumference (cm),96,8 Years,1,1,Secondary Anthropometry
ki1000303-BtS,2,Father,WSTCIRCM,Waist circumference (cm),108,9 Years,2,2,Secondary Anthropometry
ki1000303-BtS,2,Father,WSTCIRCM,Waist circumference (cm),120,10 Years,67,67,Secondary Anthropometry
ki1000303-BtS,2,Father,WSTCIRCM,Waist circumference (cm),132,11 Years,96,96,Secondary Anthropometry
ki1000303-BtS,2,Father,WSTCIRCM,Waist circumference (cm),144,12 Years,87,87,Secondary Anthropometry
ki1000303-BtS,2,Father,WSTCIRCM,Waist circumference (cm),156,13 Years,77,77,Secondary Anthropometry
ki1000303-BtS,2,Father,WSTCIRCM,Waist circumference (cm),168,14 Years,94,94,Secondary Anthropometry
ki1000303-BtS,2,Father,WSTCIRCM,Waist circumference (cm),180,15 Years,77,77,Secondary Anthropometry
ki1000303-BtS,2,Father,WSTCIRCM,Waist circumference (cm),192,16 Years,17,17,Secondary Anthropometry
ki1000303-BtS,2,Father,HPCIRCM,Hip circumference (cm),96,8 Years,1,1,Secondary Anthropometry
ki1000303-BtS,2,Father,HPCIRCM,Hip circumference (cm),108,9 Years,2,2,Secondary Anthropometry
ki1000303-BtS,2,Father,HPCIRCM,Hip circumference (cm),120,10 Years,67,67,Secondary Anthropometry
ki1000303-BtS,2,Father,HPCIRCM,Hip circumference (cm),132,11 Years,96,96,Secondary Anthropometry
ki1000303-BtS,2,Father,HPCIRCM,Hip circumference (cm),144,12 Years,87,87,Secondary Anthropometry
ki1000303-BtS,2,Father,HPCIRCM,Hip circumference (cm),156,13 Years,77,77,Secondary Anthropometry
ki1000303-BtS,2,Father,HPCIRCM,Hip circumference (cm),168,14 Years,94,94,Secondary Anthropometry
ki1000303-BtS,2,Father,HPCIRCM,Hip circumference (cm),180,15 Years,77,77,Secondary Anthropometry
ki1000303-BtS,2,Father,HPCIRCM,Hip circumference (cm),192,16 Years,17,17,Secondary Anthropometry
ki1000303-BtS,2,Father,FMPCT,Fat mass (% of body weight),96,8 Years,1,1,Body Composition
ki1000303-BtS,2,Father,FMPCT,Fat mass (% of body weight),108,9 Years,2,2,Body Composition
ki1000303-BtS,2,Father,FMPCT,Fat mass (% of body weight),120,10 Years,67,67,Body Composition
ki1000303-BtS,2,Father,FMPCT,Fat mass (% of body weight),132,11 Years,96,96,Body Composition
ki1000303-BtS,2,Father,FMPCT,Fat mass (% of body weight),144,12 Years,87,87,Body Composition
ki1000303-BtS,2,Father,FMPCT,Fat mass (% of body weight),156,13 Years,77,77,Body Composition
ki1000303-BtS,2,Father,FMPCT,Fat mass (% of body weight),168,14 Years,94,94,Body Composition
ki1000303-BtS,2,Father,FMPCT,Fat mass (% of body weight),180,15 Years,77,77,Body Composition
ki1000303-BtS,2,Father,FMPCT,Fat mass (% of body weight),192,16 Years,17,17,Body Composition
ki1000303-BtS,2,Father,FMRARM,"Fat mass, right arm (kg)",96,8 Years,1,1,Body Composition
ki1000303-BtS,2,Father,FMRARM,"Fat mass, right arm (kg)",108,9 Years,2,2,Body Composition
ki1000303-BtS,2,Father,FMRARM,"Fat mass, right arm (kg)",120,10 Years,67,67,Body Composition
ki1000303-BtS,2,Father,FMRARM,"Fat mass, right arm (kg)",132,11 Years,96,96,Body Composition
ki1000303-BtS,2,Father,FMRARM,"Fat mass, right arm (kg)",144,12 Years,87,87,Body Composition
ki1000303-BtS,2,Father,FMRARM,"Fat mass, right arm (kg)",156,13 Years,77,77,Body Composition
ki1000303-BtS,2,Father,FMRARM,"Fat mass, right arm (kg)",168,14 Years,94,94,Body Composition
ki1000303-BtS,2,Father,FMRARM,"Fat mass, right arm (kg)",180,15 Years,77,77,Body Composition
ki1000303-BtS,2,Father,FMRARM,"Fat mass, right arm (kg)",192,16 Years,17,17,Body Composition
ki1000303-BtS,2,Father,FMLARM,"Fat mass, left arm (kg)",96,8 Years,1,1,Body Composition
ki1000303-BtS,2,Father,FMLARM,"Fat mass, left arm (kg)",108,9 Years,2,2,Body Composition
ki1000303-BtS,2,Father,FMLARM,"Fat mass, left arm (kg)",120,10 Years,67,67,Body Composition
ki1000303-BtS,2,Father,FMLARM,"Fat mass, left arm (kg)",132,11 Years,96,96,Body Composition
ki1000303-BtS,2,Father,FMLARM,"Fat mass, left arm (kg)",144,12 Years,87,87,Body Composition
ki1000303-BtS,2,Father,FMLARM,"Fat mass, left arm (kg)",156,13 Years,77,77,Body Composition
ki1000303-BtS,2,Father,FMLARM,"Fat mass, left arm (kg)",168,14 Years,94,94,Body Composition
ki1000303-BtS,2,Father,FMLARM,"Fat mass, left arm (kg)",180,15 Years,77,77,Body Composition
ki1000303-BtS,2,Father,FMLARM,"Fat mass, left arm (kg)",192,16 Years,17,17,Body Composition
ki1000303-BtS,2,Father,FMRLEG,"Fat mass, right leg (kg)",96,8 Years,1,1,Body Composition
ki1000303-BtS,2,Father,FMRLEG,"Fat mass, right leg (kg)",108,9 Years,2,2,Body Composition
ki1000303-BtS,2,Father,FMRLEG,"Fat mass, right leg (kg)",120,10 Years,67,67,Body Composition
ki1000303-BtS,2,Father,FMRLEG,"Fat mass, right leg (kg)",132,11 Years,96,96,Body Composition
ki1000303-BtS,2,Father,FMRLEG,"Fat mass, right leg (kg)",144,12 Years,87,87,Body Composition
ki1000303-BtS,2,Father,FMRLEG,"Fat mass, right leg (kg)",156,13 Years,77,77,Body Composition
ki1000303-BtS,2,Father,FMRLEG,"Fat mass, right leg (kg)",168,14 Years,94,94,Body Composition
ki1000303-BtS,2,Father,FMRLEG,"Fat mass, right leg (kg)",180,15 Years,77,77,Body Composition
ki1000303-BtS,2,Father,FMRLEG,"Fat mass, right leg (kg)",192,16 Years,17,17,Body Composition
ki1000303-BtS,2,Father,FMLLEG,"Fat mass, left leg (kg)",96,8 Years,1,1,Body Composition
ki1000303-BtS,2,Father,FMLLEG,"Fat mass, left leg (kg)",108,9 Years,2,2,Body Composition
ki1000303-BtS,2,Father,FMLLEG,"Fat mass, left leg (kg)",120,10 Years,67,67,Body Composition
ki1000303-BtS,2,Father,FMLLEG,"Fat mass, left leg (kg)",132,11 Years,96,96,Body Composition
ki1000303-BtS,2,Father,FMLLEG,"Fat mass, left leg (kg)",144,12 Years,87,87,Body Composition
ki1000303-BtS,2,Father,FMLLEG,"Fat mass, left leg (kg)",156,13 Years,77,77,Body Composition
ki1000303-BtS,2,Father,FMLLEG,"Fat mass, left leg (kg)",168,14 Years,94,94,Body Composition
ki1000303-BtS,2,Father,FMLLEG,"Fat mass, left leg (kg)",180,15 Years,77,77,Body Composition
ki1000303-BtS,2,Father,FMLLEG,"Fat mass, left leg (kg)",192,16 Years,17,17,Body Composition
ki1000303-BtS,2,Father,FMTRUNK,"Fat mass, trunk (kg)",96,8 Years,1,1,Body Composition
ki1000303-BtS,2,Father,FMTRUNK,"Fat mass, trunk (kg)",108,9 Years,2,2,Body Composition
ki1000303-BtS,2,Father,FMTRUNK,"Fat mass, trunk (kg)",120,10 Years,67,67,Body Composition
ki1000303-BtS,2,Father,FMTRUNK,"Fat mass, trunk (kg)",132,11 Years,96,96,Body Composition
ki1000303-BtS,2,Father,FMTRUNK,"Fat mass, trunk (kg)",144,12 Years,87,87,Body Composition
ki1000303-BtS,2,Father,FMTRUNK,"Fat mass, trunk (kg)",156,13 Years,77,77,Body Composition
ki1000303-BtS,2,Father,FMTRUNK,"Fat mass, trunk (kg)",168,14 Years,94,94,Body Composition
ki1000303-BtS,2,Father,FMTRUNK,"Fat mass, trunk (kg)",180,15 Years,77,77,Body Composition
ki1000303-BtS,2,Father,FMTRUNK,"Fat mass, trunk (kg)",192,16 Years,17,17,Body Composition
ki1000303-BtS,2,Father,BONEKG,Bone Mass (kg),96,8 Years,1,1,Body Composition
ki1000303-BtS,2,Father,BONEKG,Bone Mass (kg),108,9 Years,2,2,Body Composition
ki1000303-BtS,2,Father,BONEKG,Bone Mass (kg),120,10 Years,67,67,Body Composition
ki1000303-BtS,2,Father,BONEKG,Bone Mass (kg),132,11 Years,96,96,Body Composition
ki1000303-BtS,2,Father,BONEKG,Bone Mass (kg),144,12 Years,87,87,Body Composition
ki1000303-BtS,2,Father,BONEKG,Bone Mass (kg),156,13 Years,77,77,Body Composition
ki1000303-BtS,2,Father,BONEKG,Bone Mass (kg),168,14 Years,94,94,Body Composition
ki1000303-BtS,2,Father,BONEKG,Bone Mass (kg),180,15 Years,77,77,Body Composition
ki1000303-BtS,2,Father,BONEKG,Bone Mass (kg),192,16 Years,17,17,Body Composition
ki1000303-BtS,2,Father,LEANKG,Lean Muscle Mass (kg),96,8 Years,1,1,Body Composition
ki1000303-BtS,2,Father,LEANKG,Lean Muscle Mass (kg),108,9 Years,2,2,Body Composition
ki1000303-BtS,2,Father,LEANKG,Lean Muscle Mass (kg),120,10 Years,67,67,Body Composition
ki1000303-BtS,2,Father,LEANKG,Lean Muscle Mass (kg),132,11 Years,96,96,Body Composition
ki1000303-BtS,2,Father,LEANKG,Lean Muscle Mass (kg),144,12 Years,87,87,Body Composition
ki1000303-BtS,2,Father,LEANKG,Lean Muscle Mass (kg),156,13 Years,77,77,Body Composition
ki1000303-BtS,2,Father,LEANKG,Lean Muscle Mass (kg),168,14 Years,94,94,Body Composition
ki1000303-BtS,2,Father,LEANKG,Lean Muscle Mass (kg),180,15 Years,77,77,Body Composition
ki1000303-BtS,2,Father,LEANKG,Lean Muscle Mass (kg),192,16 Years,17,17,Body Composition
ki1000303-BtS,2,Father,TBWPC,Total Body Water (% of body weight),96,8 Years,1,1,Body Composition
ki1000303-BtS,2,Father,TBWPC,Total Body Water (% of body weight),108,9 Years,2,2,Body Composition
ki1000303-BtS,2,Father,TBWPC,Total Body Water (% of body weight),120,10 Years,67,67,Body Composition
ki1000303-BtS,2,Father,TBWPC,Total Body Water (% of body weight),132,11 Years,96,96,Body Composition
ki1000303-BtS,2,Father,TBWPC,Total Body Water (% of body weight),144,12 Years,87,87,Body Composition
ki1000303-BtS,2,Father,TBWPC,Total Body Water (% of body weight),156,13 Years,77,77,Body Composition
ki1000303-BtS,2,Father,TBWPC,Total Body Water (% of body weight),168,14 Years,94,94,Body Composition
ki1000303-BtS,2,Father,TBWPC,Total Body Water (% of body weight),180,15 Years,77,77,Body Composition
ki1000303-BtS,2,Father,TBWPC,Total Body Water (% of body weight),192,16 Years,17,17,Body Composition
ki1000304b-SAS-CompFeed,1,Mother,WTKG,Weight (kg),0,0 Months,1117,1117,Anthropometry
ki1000304b-SAS-CompFeed,1,Mother,WTKG,Weight (kg),1,1 Months,72,72,Anthropometry
ki1000304b-SAS-CompFeed,1,Mother,WTKG,Weight (kg),2,2 Months,17,17,Anthropometry
ki1000304b-SAS-CompFeed,1,Mother,WTKG,Weight (kg),3,3 Months,1265,1263,Anthropometry
ki1000304b-SAS-CompFeed,1,Mother,WTKG,Weight (kg),4,4 Months,107,107,Anthropometry
ki1000304b-SAS-CompFeed,1,Mother,WTKG,Weight (kg),5,5 Months,32,32,Anthropometry
ki1000304b-SAS-CompFeed,1,Mother,WTKG,Weight (kg),6,6 Months,3,3,Anthropometry
ki1000304b-SAS-CompFeed,1,Mother,HTCM,Standing height (cm),0,0 Months,1109,1109,Anthropometry
ki1000304b-SAS-CompFeed,1,Mother,HTCM,Standing height (cm),1,1 Months,72,72,Anthropometry
ki1000304b-SAS-CompFeed,1,Mother,HTCM,Standing height (cm),2,2 Months,16,16,Anthropometry
ki1000304b-SAS-CompFeed,1,Mother,HTCM,Standing height (cm),3,3 Months,184,184,Anthropometry
ki1000304b-SAS-CompFeed,1,Mother,HTCM,Standing height (cm),4,4 Months,31,31,Anthropometry
ki1000304b-SAS-CompFeed,1,Mother,HTCM,Standing height (cm),5,5 Months,8,8,Anthropometry
ki1000304b-SAS-CompFeed,1,Mother,HTCM,Standing height (cm),6,6 Months,3,3,Anthropometry
ki1000304b-SAS-CompFeed,2,Father,HTCM,Standing height (cm),0,0 Months,850,850,Anthropometry
ki1000304b-SAS-CompFeed,2,Father,HTCM,Standing height (cm),1,1 Months,43,43,Anthropometry
ki1000304b-SAS-CompFeed,2,Father,HTCM,Standing height (cm),2,2 Months,8,8,Anthropometry
ki1000304b-SAS-CompFeed,2,Father,HTCM,Standing height (cm),3,3 Months,108,108,Anthropometry
ki1000304b-SAS-CompFeed,2,Father,HTCM,Standing height (cm),4,4 Months,12,12,Anthropometry
ki1017093c-NIH-Crypto,1,Mother,WTKG,Weight (kg),0,0 Months,331,331,Anthropometry
ki1017093c-NIH-Crypto,1,Mother,WTKG,Weight (kg),1,1 Months,420,420,Anthropometry
ki1017093c-NIH-Crypto,1,Mother,WTKG,Weight (kg),2,2 Months,1,1,Anthropometry
ki1017093c-NIH-Crypto,1,Mother,WTKG,Weight (kg),4,4 Months,693,693,Anthropometry
ki1017093c-NIH-Crypto,1,Mother,WTKG,Weight (kg),5,5 Months,30,30,Anthropometry
ki1017093c-NIH-Crypto,1,Mother,WTKG,Weight (kg),6,6 Months,1,1,Anthropometry
ki1017093c-NIH-Crypto,1,Mother,HTCM,Standing height (cm),0,0 Months,331,331,Anthropometry
ki1017093c-NIH-Crypto,1,Mother,HTCM,Standing height (cm),1,1 Months,420,420,Anthropometry
ki1017093c-NIH-Crypto,1,Mother,HTCM,Standing height (cm),2,2 Months,1,1,Anthropometry
ki1017093c-NIH-Crypto,1,Mother,HTCM,Standing height (cm),4,4 Months,693,693,Anthropometry
ki1017093c-NIH-Crypto,1,Mother,HTCM,Standing height (cm),5,5 Months,30,30,Anthropometry
ki1017093c-NIH-Crypto,1,Mother,HTCM,Standing height (cm),6,6 Months,1,1,Anthropometry
ki1017093c-NIH-Crypto,1,Mother,BMI,BMI (kg/m**2),0,0 Months,331,331,Anthropometry
ki1017093c-NIH-Crypto,1,Mother,BMI,BMI (kg/m**2),1,1 Months,420,420,Anthropometry
ki1017093c-NIH-Crypto,1,Mother,BMI,BMI (kg/m**2),2,2 Months,1,1,Anthropometry
ki1017093c-NIH-Crypto,1,Mother,BMI,BMI (kg/m**2),4,4 Months,693,693,Anthropometry
ki1017093c-NIH-Crypto,1,Mother,BMI,BMI (kg/m**2),5,5 Months,30,30,Anthropometry
ki1017093c-NIH-Crypto,1,Mother,BMI,BMI (kg/m**2),6,6 Months,1,1,Anthropometry
ki1017093c-NIH-Crypto,1,Mother,MUACCM,Mid upper-arm circumference (cm),0,0 Months,331,331,Anthropometry
ki1017093c-NIH-Crypto,1,Mother,MUACCM,Mid upper-arm circumference (cm),1,1 Months,420,420,Anthropometry
ki1017093c-NIH-Crypto,1,Mother,MUACCM,Mid upper-arm circumference (cm),2,2 Months,1,1,Anthropometry
ki1017093c-NIH-Crypto,1,Mother,MUACCM,Mid upper-arm circumference (cm),4,4 Months,693,693,Anthropometry
ki1017093c-NIH-Crypto,1,Mother,MUACCM,Mid upper-arm circumference (cm),5,5 Months,30,30,Anthropometry
ki1017093c-NIH-Crypto,1,Mother,MUACCM,Mid upper-arm circumference (cm),6,6 Months,1,1,Anthropometry
ki1119695-PROBIT,1,Mother,WTKG,Weight (kg),60,60 Months,8,8,Anthropometry
ki1119695-PROBIT,1,Mother,WTKG,Weight (kg),72,6 Years,4697,4697,Anthropometry
ki1119695-PROBIT,1,Mother,WTKG,Weight (kg),84,7 Years,8721,8721,Anthropometry
ki1119695-PROBIT,1,Mother,WTKG,Weight (kg),96,8 Years,341,341,Anthropometry
ki1119695-PROBIT,1,Mother,WTKG,Weight (kg),108,9 Years,5,5,Anthropometry
ki1119695-PROBIT,1,Mother,HTCM,Standing height (cm),60,60 Months,8,8,Anthropometry
ki1119695-PROBIT,1,Mother,HTCM,Standing height (cm),72,6 Years,4686,4686,Anthropometry
ki1119695-PROBIT,1,Mother,HTCM,Standing height (cm),84,7 Years,8694,8694,Anthropometry
ki1119695-PROBIT,1,Mother,HTCM,Standing height (cm),96,8 Years,341,341,Anthropometry
ki1119695-PROBIT,1,Mother,HTCM,Standing height (cm),108,9 Years,5,5,Anthropometry
ki1119695-PROBIT,2,Father,WTKG,Weight (kg),60,60 Months,8,8,Anthropometry
ki1119695-PROBIT,2,Father,WTKG,Weight (kg),72,6 Years,4393,4393,Anthropometry
ki1119695-PROBIT,2,Father,WTKG,Weight (kg),84,7 Years,8135,8135,Anthropometry
ki1119695-PROBIT,2,Father,WTKG,Weight (kg),96,8 Years,320,320,Anthropometry
ki1119695-PROBIT,2,Father,WTKG,Weight (kg),108,9 Years,5,5,Anthropometry
ki1119695-PROBIT,2,Father,HTCM,Standing height (cm),60,60 Months,8,8,Anthropometry
ki1119695-PROBIT,2,Father,HTCM,Standing height (cm),72,6 Years,4273,4273,Anthropometry
ki1119695-PROBIT,2,Father,HTCM,Standing height (cm),84,7 Years,7936,7936,Anthropometry
ki1119695-PROBIT,2,Father,HTCM,Standing height (cm),96,8 Years,315,315,Anthropometry
ki1119695-PROBIT,2,Father,HTCM,Standing height (cm),108,9 Years,5,5,Anthropometry
ki1126311-ZVITAMBO,1,Mother,MUACCM,Mid upper-arm circumference (cm),0,0 Months,14022,14022,Anthropometry
ki1126927-GUSTO,1,Mother,WTKG,Weight (kg),-1,Prenatal,1151,1151,Anthropometry
ki1126927-GUSTO,1,Mother,WTKG,Weight (kg),12,12 Months,855,855,Anthropometry
ki1126927-GUSTO,1,Mother,WTKG,Weight (kg),15,15 Months,9,9,Anthropometry
ki1126927-GUSTO,1,Mother,WTKG,Weight (kg),18,18 Months,702,702,Anthropometry
ki1126927-GUSTO,1,Mother,WTKG,Weight (kg),21,21 Months,70,70,Anthropometry
ki1126927-GUSTO,1,Mother,WTKG,Weight (kg),24,24 Months,2,2,Anthropometry
ki1126927-GUSTO,1,Mother,WTKG,Weight (kg),45,45 Months,1,1,Anthropometry
ki1126927-GUSTO,1,Mother,WTKG,Weight (kg),48,48 Months,620,620,Anthropometry
ki1126927-GUSTO,1,Mother,WTKG,Weight (kg),51,51 Months,170,170,Anthropometry
ki1126927-GUSTO,1,Mother,WTKG,Weight (kg),54,54 Months,1,1,Anthropometry
ki1126927-GUSTO,1,Mother,HTCM,Standing height (cm),-1,Prenatal,1162,1162,Anthropometry
ki1126927-GUSTO,1,Mother,HTCM,Standing height (cm),18,18 Months,701,701,Anthropometry
ki1126927-GUSTO,1,Mother,HTCM,Standing height (cm),21,21 Months,70,70,Anthropometry
ki1126927-GUSTO,1,Mother,HTCM,Standing height (cm),24,24 Months,2,2,Anthropometry
ki1126927-GUSTO,1,Mother,HTCM,Standing height (cm),45,45 Months,1,1,Anthropometry
ki1126927-GUSTO,1,Mother,HTCM,Standing height (cm),48,48 Months,620,620,Anthropometry
ki1126927-GUSTO,1,Mother,HTCM,Standing height (cm),51,51 Months,170,170,Anthropometry
ki1126927-GUSTO,1,Mother,HTCM,Standing height (cm),54,54 Months,1,1,Anthropometry
ki1126927-GUSTO,1,Mother,BMI,BMI (kg/m**2),-1,Prenatal,1151,1151,Anthropometry
ki1126927-GUSTO,1,Mother,BMI,BMI (kg/m**2),18,18 Months,700,700,Anthropometry
ki1126927-GUSTO,1,Mother,BMI,BMI (kg/m**2),21,21 Months,70,70,Anthropometry
ki1126927-GUSTO,1,Mother,BMI,BMI (kg/m**2),24,24 Months,2,2,Anthropometry
ki1126927-GUSTO,1,Mother,BMI,BMI (kg/m**2),45,45 Months,1,1,Anthropometry
ki1126927-GUSTO,1,Mother,BMI,BMI (kg/m**2),48,48 Months,620,620,Anthropometry
ki1126927-GUSTO,1,Mother,BMI,BMI (kg/m**2),51,51 Months,170,170,Anthropometry
ki1126927-GUSTO,1,Mother,BMI,BMI (kg/m**2),54,54 Months,1,1,Anthropometry
ki1126927-GUSTO,1,Mother,MUACCM,Mid upper-arm circumference (cm),18,18 Months,685,685,Anthropometry
ki1126927-GUSTO,1,Mother,MUACCM,Mid upper-arm circumference (cm),21,21 Months,66,66,Anthropometry
ki1126927-GUSTO,1,Mother,MUACCM,Mid upper-arm circumference (cm),24,24 Months,2,2,Anthropometry
ki1126927-GUSTO,1,Mother,TSFTMM,Triceps skinfold thickness (mm),-1,Prenatal,1167,1167,Anthropometry
ki1126927-GUSTO,1,Mother,TSFTMM,Triceps skinfold thickness (mm),18,18 Months,677,677,Anthropometry
ki1126927-GUSTO,1,Mother,TSFTMM,Triceps skinfold thickness (mm),21,21 Months,64,64,Anthropometry
ki1126927-GUSTO,1,Mother,TSFTMM,Triceps skinfold thickness (mm),24,24 Months,2,2,Anthropometry
ki1126927-GUSTO,1,Mother,TSFTMM,Triceps skinfold thickness (mm),45,45 Months,1,1,Anthropometry
ki1126927-GUSTO,1,Mother,TSFTMM,Triceps skinfold thickness (mm),48,48 Months,561,561,Anthropometry
ki1126927-GUSTO,1,Mother,TSFTMM,Triceps skinfold thickness (mm),51,51 Months,158,158,Anthropometry
ki1126927-GUSTO,1,Mother,TSFTMM,Triceps skinfold thickness (mm),54,54 Months,1,1,Anthropometry
ki1126927-GUSTO,1,Mother,SSFTMM,Subscapular skinfold thickness (mm),-1,Prenatal,1166,1166,Anthropometry
ki1126927-GUSTO,1,Mother,SSFTMM,Subscapular skinfold thickness (mm),45,45 Months,1,1,Anthropometry
ki1126927-GUSTO,1,Mother,SSFTMM,Subscapular skinfold thickness (mm),48,48 Months,553,553,Anthropometry
ki1126927-GUSTO,1,Mother,SSFTMM,Subscapular skinfold thickness (mm),51,51 Months,157,157,Anthropometry
ki1126927-GUSTO,1,Mother,SSFTMM,Subscapular skinfold thickness (mm),54,54 Months,1,1,Anthropometry
ki1126927-GUSTO,1,Mother,WSTCIRCM,Waist circumference (cm),18,18 Months,694,694,Secondary Anthropometry
ki1126927-GUSTO,1,Mother,WSTCIRCM,Waist circumference (cm),21,21 Months,67,67,Secondary Anthropometry
ki1126927-GUSTO,1,Mother,WSTCIRCM,Waist circumference (cm),24,24 Months,2,2,Secondary Anthropometry
ki1126927-GUSTO,1,Mother,WSTCIRCM,Waist circumference (cm),45,45 Months,1,1,Secondary Anthropometry
ki1126927-GUSTO,1,Mother,WSTCIRCM,Waist circumference (cm),48,48 Months,598,598,Secondary Anthropometry
ki1126927-GUSTO,1,Mother,WSTCIRCM,Waist circumference (cm),51,51 Months,166,166,Secondary Anthropometry
ki1126927-GUSTO,1,Mother,WSTCIRCM,Waist circumference (cm),54,54 Months,1,1,Secondary Anthropometry
ki1126927-GUSTO,1,Mother,HPCIRCM,Hip circumference (cm),18,18 Months,689,689,Secondary Anthropometry
ki1126927-GUSTO,1,Mother,HPCIRCM,Hip circumference (cm),21,21 Months,67,67,Secondary Anthropometry
ki1126927-GUSTO,1,Mother,HPCIRCM,Hip circumference (cm),24,24 Months,2,2,Secondary Anthropometry
ki1126927-GUSTO,1,Mother,HPCIRCM,Hip circumference (cm),45,45 Months,1,1,Secondary Anthropometry
ki1126927-GUSTO,1,Mother,HPCIRCM,Hip circumference (cm),48,48 Months,598,598,Secondary Anthropometry
ki1126927-GUSTO,1,Mother,HPCIRCM,Hip circumference (cm),51,51 Months,166,166,Secondary Anthropometry
ki1126927-GUSTO,1,Mother,HPCIRCM,Hip circumference (cm),54,54 Months,1,1,Secondary Anthropometry
ki1126927-GUSTO,1,Mother,BSFTMM,Biceps skinfold thickness (mm),-1,Prenatal,1168,1168,Secondary Anthropometry
ki1126927-GUSTO,1,Mother,BSFTMM,Biceps skinfold thickness (mm),18,18 Months,677,677,Secondary Anthropometry
ki1126927-GUSTO,1,Mother,BSFTMM,Biceps skinfold thickness (mm),21,21 Months,64,64,Secondary Anthropometry
ki1126927-GUSTO,1,Mother,BSFTMM,Biceps skinfold thickness (mm),24,24 Months,2,2,Secondary Anthropometry
ki1126927-GUSTO,1,Mother,BSFTMM,Biceps skinfold thickness (mm),45,45 Months,1,1,Secondary Anthropometry
ki1126927-GUSTO,1,Mother,BSFTMM,Biceps skinfold thickness (mm),48,48 Months,571,571,Secondary Anthropometry
ki1126927-GUSTO,1,Mother,BSFTMM,Biceps skinfold thickness (mm),51,51 Months,158,158,Secondary Anthropometry
ki1126927-GUSTO,1,Mother,BSFTMM,Biceps skinfold thickness (mm),54,54 Months,1,1,Secondary Anthropometry
ki1126927-GUSTO,1,Mother,SIFTMM,Suprailiac skinfold thickness (mm),-1,Prenatal,1166,1166,Secondary Anthropometry
ki1126927-GUSTO,1,Mother,SIFTMM,Suprailiac skinfold thickness (mm),45,45 Months,1,1,Secondary Anthropometry
ki1126927-GUSTO,1,Mother,SIFTMM,Suprailiac skinfold thickness (mm),48,48 Months,581,581,Secondary Anthropometry
ki1126927-GUSTO,1,Mother,SIFTMM,Suprailiac skinfold thickness (mm),51,51 Months,163,163,Secondary Anthropometry
ki1126927-GUSTO,1,Mother,SIFTMM,Suprailiac skinfold thickness (mm),54,54 Months,1,1,Secondary Anthropometry
ki1148112-LCNI-5,1,Mother,WTKG,Weight (kg),5,5 Months,5,5,Anthropometry
ki1148112-LCNI-5,1,Mother,WTKG,Weight (kg),6,6 Months,833,833,Anthropometry
ki1148112-LCNI-5,1,Mother,HTCM,Standing height (cm),5,5 Months,5,5,Anthropometry
ki1148112-LCNI-5,1,Mother,HTCM,Standing height (cm),6,6 Months,832,832,Anthropometry
ki1148112-LCNI-5,1,Mother,MUACCM,Mid upper-arm circumference (cm),5,5 Months,5,5,Anthropometry
ki1148112-LCNI-5,1,Mother,MUACCM,Mid upper-arm circumference (cm),6,6 Months,830,830,Anthropometry
ki1148112-iLiNS-DOSE,1,Mother,WTKG,Weight (kg),5,5 Months,5,5,Anthropometry
ki1148112-iLiNS-DOSE,1,Mother,WTKG,Weight (kg),6,6 Months,1919,1919,Anthropometry
ki1148112-iLiNS-DOSE,1,Mother,WTKG,Weight (kg),9,9 Months,624,379,Anthropometry
ki1148112-iLiNS-DOSE,1,Mother,WTKG,Weight (kg),12,12 Months,1421,1289,Anthropometry
ki1148112-iLiNS-DOSE,1,Mother,WTKG,Weight (kg),15,15 Months,32,32,Anthropometry
ki1148112-iLiNS-DOSE,1,Mother,WTKG,Weight (kg),18,18 Months,1357,1355,Anthropometry
ki1148112-iLiNS-DOSE,1,Mother,WTKG,Weight (kg),21,21 Months,99,99,Anthropometry
ki1148112-iLiNS-DOSE,1,Mother,WTKG,Weight (kg),24,24 Months,856,848,Anthropometry
ki1148112-iLiNS-DOSE,1,Mother,WTKG,Weight (kg),27,27 Months,145,145,Anthropometry
ki1148112-iLiNS-DOSE,1,Mother,WTKG,Weight (kg),30,30 Months,853,839,Anthropometry
ki1148112-iLiNS-DOSE,1,Mother,WTKG,Weight (kg),33,33 Months,181,181,Anthropometry
ki1148112-iLiNS-DOSE,1,Mother,WTKG,Weight (kg),36,36 Months,1010,987,Anthropometry
ki1148112-iLiNS-DOSE,1,Mother,WTKG,Weight (kg),39,39 Months,113,113,Anthropometry
ki1148112-iLiNS-DOSE,1,Mother,WTKG,Weight (kg),42,42 Months,992,974,Anthropometry
ki1148112-iLiNS-DOSE,1,Mother,WTKG,Weight (kg),45,45 Months,79,79,Anthropometry
ki1148112-iLiNS-DOSE,1,Mother,WTKG,Weight (kg),48,48 Months,20,20,Anthropometry
ki1148112-iLiNS-DOSE,1,Mother,WTKG,Weight (kg),51,51 Months,1,1,Anthropometry
ki1148112-iLiNS-DOSE,1,Mother,HTCM,Standing height (cm),5,5 Months,5,5,Anthropometry
ki1148112-iLiNS-DOSE,1,Mother,HTCM,Standing height (cm),6,6 Months,1923,1923,Anthropometry
ki1148112-iLiNS-DOSE,1,Mother,HTCM,Standing height (cm),12,12 Months,9,9,Anthropometry
ki1148112-iLiNS-DOSE,1,Mother,HTCM,Standing height (cm),18,18 Months,3,3,Anthropometry
ki1148112-iLiNS-DOSE,1,Mother,HTCM,Standing height (cm),24,24 Months,1,1,Anthropometry
ki1148112-iLiNS-DOSE,1,Mother,BMI,BMI (kg/m**2),5,5 Months,5,5,Anthropometry
ki1148112-iLiNS-DOSE,1,Mother,BMI,BMI (kg/m**2),6,6 Months,1916,1916,Anthropometry
ki1148112-iLiNS-DOSE,1,Mother,BMI,BMI (kg/m**2),12,12 Months,9,9,Anthropometry
ki1148112-iLiNS-DOSE,1,Mother,BMI,BMI (kg/m**2),18,18 Months,3,3,Anthropometry
ki1148112-iLiNS-DOSE,1,Mother,BMI,BMI (kg/m**2),24,24 Months,1,1,Anthropometry
ki1148112-iLiNS-DOSE,1,Mother,MUACCM,Mid upper-arm circumference (cm),5,5 Months,5,5,Anthropometry
ki1148112-iLiNS-DOSE,1,Mother,MUACCM,Mid upper-arm circumference (cm),6,6 Months,1925,1925,Anthropometry
ki1148112-iLiNS-DOSE,1,Mother,MUACCM,Mid upper-arm circumference (cm),9,9 Months,1,1,Anthropometry
ki1148112-iLiNS-DOSE,1,Mother,MUACCM,Mid upper-arm circumference (cm),12,12 Months,1275,1275,Anthropometry
ki1148112-iLiNS-DOSE,1,Mother,MUACCM,Mid upper-arm circumference (cm),15,15 Months,34,34,Anthropometry
ki1148112-iLiNS-DOSE,1,Mother,MUACCM,Mid upper-arm circumference (cm),18,18 Months,1365,1363,Anthropometry
ki1148112-iLiNS-DOSE,1,Mother,MUACCM,Mid upper-arm circumference (cm),21,21 Months,99,99,Anthropometry
ki1148112-iLiNS-DOSE,1,Mother,MUACCM,Mid upper-arm circumference (cm),24,24 Months,862,854,Anthropometry
ki1148112-iLiNS-DOSE,1,Mother,MUACCM,Mid upper-arm circumference (cm),27,27 Months,145,145,Anthropometry
ki1148112-iLiNS-DOSE,1,Mother,MUACCM,Mid upper-arm circumference (cm),30,30 Months,857,842,Anthropometry
ki1148112-iLiNS-DOSE,1,Mother,MUACCM,Mid upper-arm circumference (cm),33,33 Months,180,180,Anthropometry
ki1148112-iLiNS-DOSE,1,Mother,MUACCM,Mid upper-arm circumference (cm),36,36 Months,1009,986,Anthropometry
ki1148112-iLiNS-DOSE,1,Mother,MUACCM,Mid upper-arm circumference (cm),39,39 Months,116,116,Anthropometry
ki1148112-iLiNS-DOSE,1,Mother,MUACCM,Mid upper-arm circumference (cm),42,42 Months,991,973,Anthropometry
ki1148112-iLiNS-DOSE,1,Mother,MUACCM,Mid upper-arm circumference (cm),45,45 Months,81,81,Anthropometry
ki1148112-iLiNS-DOSE,1,Mother,MUACCM,Mid upper-arm circumference (cm),48,48 Months,20,20,Anthropometry
ki1148112-iLiNS-DOSE,1,Mother,MUACCM,Mid upper-arm circumference (cm),51,51 Months,1,1,Anthropometry
ki1148112-iLiNS-DYAD-M,1,Mother,WTKG,Weight (kg),0,0 Months,900,882,Anthropometry
ki1148112-iLiNS-DYAD-M,1,Mother,WTKG,Weight (kg),1,1 Months,303,290,Anthropometry
ki1148112-iLiNS-DYAD-M,1,Mother,WTKG,Weight (kg),2,2 Months,94,92,Anthropometry
ki1148112-iLiNS-DYAD-M,1,Mother,WTKG,Weight (kg),3,3 Months,61,57,Anthropometry
ki1148112-iLiNS-DYAD-M,1,Mother,WTKG,Weight (kg),4,4 Months,87,79,Anthropometry
ki1148112-iLiNS-DYAD-M,1,Mother,WTKG,Weight (kg),5,5 Months,73,68,Anthropometry
ki1148112-iLiNS-DYAD-M,1,Mother,WTKG,Weight (kg),6,6 Months,1165,1065,Anthropometry
ki1148112-iLiNS-DYAD-M,1,Mother,WTKG,Weight (kg),9,9 Months,158,126,Anthropometry
ki1148112-iLiNS-DYAD-M,1,Mother,WTKG,Weight (kg),12,12 Months,746,693,Anthropometry
ki1148112-iLiNS-DYAD-M,1,Mother,WTKG,Weight (kg),15,15 Months,140,111,Anthropometry
ki1148112-iLiNS-DYAD-M,1,Mother,WTKG,Weight (kg),18,18 Months,1162,1060,Anthropometry
ki1148112-iLiNS-DYAD-M,1,Mother,WTKG,Weight (kg),21,21 Months,47,42,Anthropometry
ki1148112-iLiNS-DYAD-M,1,Mother,WTKG,Weight (kg),24,24 Months,574,570,Anthropometry
ki1148112-iLiNS-DYAD-M,1,Mother,WTKG,Weight (kg),27,27 Months,20,20,Anthropometry
ki1148112-iLiNS-DYAD-M,1,Mother,WTKG,Weight (kg),30,30 Months,560,559,Anthropometry
ki1148112-iLiNS-DYAD-M,1,Mother,WTKG,Weight (kg),33,33 Months,6,6,Anthropometry
ki1148112-iLiNS-DYAD-M,1,Mother,HTCM,Standing height (cm),0,0 Months,2,2,Anthropometry
ki1148112-iLiNS-DYAD-M,1,Mother,HTCM,Standing height (cm),1,1 Months,2,2,Anthropometry
ki1148112-iLiNS-DYAD-M,1,Mother,BMI,BMI (kg/m**2),0,0 Months,2,2,Anthropometry
ki1148112-iLiNS-DYAD-M,1,Mother,BMI,BMI (kg/m**2),1,1 Months,2,2,Anthropometry
ki1148112-iLiNS-DYAD-M,1,Mother,MUACCM,Mid upper-arm circumference (cm),0,0 Months,873,873,Anthropometry
ki1148112-iLiNS-DYAD-M,1,Mother,MUACCM,Mid upper-arm circumference (cm),1,1 Months,247,247,Anthropometry
ki1148112-iLiNS-DYAD-M,1,Mother,MUACCM,Mid upper-arm circumference (cm),2,2 Months,32,32,Anthropometry
ki1148112-iLiNS-DYAD-M,1,Mother,MUACCM,Mid upper-arm circumference (cm),3,3 Months,11,11,Anthropometry
ki1148112-iLiNS-DYAD-M,1,Mother,MUACCM,Mid upper-arm circumference (cm),4,4 Months,9,9,Anthropometry
ki1148112-iLiNS-DYAD-M,1,Mother,MUACCM,Mid upper-arm circumference (cm),5,5 Months,15,15,Anthropometry
ki1148112-iLiNS-DYAD-M,1,Mother,MUACCM,Mid upper-arm circumference (cm),6,6 Months,1057,1054,Anthropometry
ki1148112-iLiNS-DYAD-M,1,Mother,MUACCM,Mid upper-arm circumference (cm),9,9 Months,48,48,Anthropometry
ki1148112-iLiNS-DYAD-M,1,Mother,MUACCM,Mid upper-arm circumference (cm),12,12 Months,660,654,Anthropometry
ki1148112-iLiNS-DYAD-M,1,Mother,MUACCM,Mid upper-arm circumference (cm),15,15 Months,25,25,Anthropometry
ki1148112-iLiNS-DYAD-M,1,Mother,MUACCM,Mid upper-arm circumference (cm),18,18 Months,1063,1054,Anthropometry
ki1148112-iLiNS-DYAD-M,1,Mother,MUACCM,Mid upper-arm circumference (cm),21,21 Months,26,25,Anthropometry
ki1148112-iLiNS-DYAD-M,1,Mother,MUACCM,Mid upper-arm circumference (cm),24,24 Months,477,477,Anthropometry
ki1148112-iLiNS-DYAD-M,1,Mother,MUACCM,Mid upper-arm circumference (cm),27,27 Months,17,17,Anthropometry
ki1148112-iLiNS-DYAD-M,1,Mother,MUACCM,Mid upper-arm circumference (cm),30,30 Months,555,554,Anthropometry
ki1148112-iLiNS-DYAD-M,1,Mother,MUACCM,Mid upper-arm circumference (cm),33,33 Months,6,6,Anthropometry
ki1148112-iLiNS-DYAD-M,1,Mother,TSFTMM,Triceps skinfold thickness (mm),0,0 Months,873,873,Anthropometry
ki1148112-iLiNS-DYAD-M,1,Mother,TSFTMM,Triceps skinfold thickness (mm),1,1 Months,247,247,Anthropometry
ki1148112-iLiNS-DYAD-M,1,Mother,TSFTMM,Triceps skinfold thickness (mm),2,2 Months,33,33,Anthropometry
ki1148112-iLiNS-DYAD-M,1,Mother,TSFTMM,Triceps skinfold thickness (mm),3,3 Months,10,10,Anthropometry
ki1148112-iLiNS-DYAD-M,1,Mother,TSFTMM,Triceps skinfold thickness (mm),4,4 Months,9,9,Anthropometry
ki1148112-iLiNS-DYAD-M,1,Mother,TSFTMM,Triceps skinfold thickness (mm),5,5 Months,15,15,Anthropometry
ki1148112-iLiNS-DYAD-M,1,Mother,TSFTMM,Triceps skinfold thickness (mm),6,6 Months,1051,1048,Anthropometry
ki1148112-iLiNS-DYAD-M,1,Mother,TSFTMM,Triceps skinfold thickness (mm),9,9 Months,48,48,Anthropometry
ki1148112-iLiNS-DYAD-M,1,Mother,TSFTMM,Triceps skinfold thickness (mm),12,12 Months,660,654,Anthropometry
ki1148112-iLiNS-DYAD-M,1,Mother,TSFTMM,Triceps skinfold thickness (mm),15,15 Months,24,24,Anthropometry
ki1148112-iLiNS-DYAD-M,1,Mother,TSFTMM,Triceps skinfold thickness (mm),18,18 Months,1063,1054,Anthropometry
ki1148112-iLiNS-DYAD-M,1,Mother,TSFTMM,Triceps skinfold thickness (mm),21,21 Months,26,25,Anthropometry
ki1148112-iLiNS-DYAD-M,1,Mother,TSFTMM,Triceps skinfold thickness (mm),24,24 Months,475,475,Anthropometry
ki1148112-iLiNS-DYAD-M,1,Mother,TSFTMM,Triceps skinfold thickness (mm),27,27 Months,17,17,Anthropometry
ki1148112-iLiNS-DYAD-M,1,Mother,TSFTMM,Triceps skinfold thickness (mm),30,30 Months,554,553,Anthropometry
ki1148112-iLiNS-DYAD-M,1,Mother,TSFTMM,Triceps skinfold thickness (mm),33,33 Months,6,6,Anthropometry
ki1148112-iLiNS-DYAD-M,1,Mother,SSFTMM,Subscapular skinfold thickness (mm),0,0 Months,872,872,Anthropometry
ki1148112-iLiNS-DYAD-M,1,Mother,SSFTMM,Subscapular skinfold thickness (mm),1,1 Months,247,247,Anthropometry
ki1148112-iLiNS-DYAD-M,1,Mother,SSFTMM,Subscapular skinfold thickness (mm),2,2 Months,33,33,Anthropometry
ki1148112-iLiNS-DYAD-M,1,Mother,SSFTMM,Subscapular skinfold thickness (mm),3,3 Months,10,10,Anthropometry
ki1148112-iLiNS-DYAD-M,1,Mother,SSFTMM,Subscapular skinfold thickness (mm),4,4 Months,9,9,Anthropometry
ki1148112-iLiNS-DYAD-M,1,Mother,SSFTMM,Subscapular skinfold thickness (mm),5,5 Months,15,15,Anthropometry
ki1148112-iLiNS-DYAD-M,1,Mother,SSFTMM,Subscapular skinfold thickness (mm),6,6 Months,1051,1048,Anthropometry
ki1148112-iLiNS-DYAD-M,1,Mother,SSFTMM,Subscapular skinfold thickness (mm),9,9 Months,48,48,Anthropometry
ki1148112-iLiNS-DYAD-M,1,Mother,SSFTMM,Subscapular skinfold thickness (mm),12,12 Months,662,656,Anthropometry
ki1148112-iLiNS-DYAD-M,1,Mother,SSFTMM,Subscapular skinfold thickness (mm),15,15 Months,24,24,Anthropometry
ki1148112-iLiNS-DYAD-M,1,Mother,SSFTMM,Subscapular skinfold thickness (mm),18,18 Months,1062,1053,Anthropometry
ki1148112-iLiNS-DYAD-M,1,Mother,SSFTMM,Subscapular skinfold thickness (mm),21,21 Months,26,25,Anthropometry
ki1148112-iLiNS-DYAD-M,1,Mother,SSFTMM,Subscapular skinfold thickness (mm),24,24 Months,474,474,Anthropometry
ki1148112-iLiNS-DYAD-M,1,Mother,SSFTMM,Subscapular skinfold thickness (mm),27,27 Months,17,17,Anthropometry
ki1148112-iLiNS-DYAD-M,1,Mother,SSFTMM,Subscapular skinfold thickness (mm),30,30 Months,551,550,Anthropometry
ki1148112-iLiNS-DYAD-M,1,Mother,SSFTMM,Subscapular skinfold thickness (mm),33,33 Months,6,6,Anthropometry
kiGH5241-JiVitA-3,1,Mother,WTKG,Weight (kg),-1,Prenatal,56214,28444,Anthropometry
kiGH5241-JiVitA-3,1,Mother,WTKG,Weight (kg),0,0 Months,24,24,Anthropometry
kiGH5241-JiVitA-3,1,Mother,WTKG,Weight (kg),1,1 Months,22914,22913,Anthropometry
kiGH5241-JiVitA-3,1,Mother,WTKG,Weight (kg),2,2 Months,2633,2632,Anthropometry
kiGH5241-JiVitA-3,1,Mother,WTKG,Weight (kg),3,3 Months,26097,24793,Anthropometry
kiGH5241-JiVitA-3,1,Mother,WTKG,Weight (kg),4,4 Months,2152,2111,Anthropometry
kiGH5241-JiVitA-3,1,Mother,WTKG,Weight (kg),5,5 Months,38,38,Anthropometry
kiGH5241-JiVitA-3,1,Mother,WTKG,Weight (kg),6,6 Months,1599,1597,Anthropometry
kiGH5241-JiVitA-3,1,Mother,HTCM,Standing height (cm),-1,Prenatal,29654,28375,Anthropometry
kiGH5241-JiVitA-3,1,Mother,HTCM,Standing height (cm),2,2 Months,8,8,Anthropometry
kiGH5241-JiVitA-3,1,Mother,HTCM,Standing height (cm),3,3 Months,25656,24523,Anthropometry
kiGH5241-JiVitA-3,1,Mother,HTCM,Standing height (cm),4,4 Months,2066,2031,Anthropometry
kiGH5241-JiVitA-3,1,Mother,HTCM,Standing height (cm),5,5 Months,34,34,Anthropometry
kiGH5241-JiVitA-3,1,Mother,HTCM,Standing height (cm),6,6 Months,1594,1592,Anthropometry
kiGH5241-JiVitA-3,1,Mother,BMI,BMI (kg/m**2),-1,Prenatal,29644,28365,Anthropometry
kiGH5241-JiVitA-3,1,Mother,BMI,BMI (kg/m**2),2,2 Months,8,8,Anthropometry
kiGH5241-JiVitA-3,1,Mother,BMI,BMI (kg/m**2),3,3 Months,25643,24510,Anthropometry
kiGH5241-JiVitA-3,1,Mother,BMI,BMI (kg/m**2),4,4 Months,2064,2029,Anthropometry
kiGH5241-JiVitA-3,1,Mother,BMI,BMI (kg/m**2),5,5 Months,34,34,Anthropometry
kiGH5241-JiVitA-3,1,Mother,BMI,BMI (kg/m**2),6,6 Months,1594,1592,Anthropometry
kiGH5241-JiVitA-3,1,Mother,MUACCM,Mid upper-arm circumference (cm),-1,Prenatal,56234,28441,Anthropometry
kiGH5241-JiVitA-3,1,Mother,MUACCM,Mid upper-arm circumference (cm),0,0 Months,24633,24610,Anthropometry
kiGH5241-JiVitA-3,1,Mother,MUACCM,Mid upper-arm circumference (cm),1,1 Months,24984,23885,Anthropometry
kiGH5241-JiVitA-3,1,Mother,MUACCM,Mid upper-arm circumference (cm),2,2 Months,3532,3508,Anthropometry
kiGH5241-JiVitA-3,1,Mother,MUACCM,Mid upper-arm circumference (cm),3,3 Months,26340,24902,Anthropometry
kiGH5241-JiVitA-3,1,Mother,MUACCM,Mid upper-arm circumference (cm),4,4 Months,2208,2163,Anthropometry
kiGH5241-JiVitA-3,1,Mother,MUACCM,Mid upper-arm circumference (cm),5,5 Months,38,38,Anthropometry
kiGH5241-JiVitA-3,1,Mother,MUACCM,Mid upper-arm circumference (cm),6,6 Months,1599,1597,Anthropometry
kiGH5241-JiVitA-3,1,Mother,MUACCM,Mid upper-arm circumference (cm),9,9 Months,1,1,Anthropometry
kiGH5241-JiVitA-3,1,Mother,TSFTMM,Triceps skinfold thickness (mm),-1,Prenatal,3084,1631,Anthropometry
kiGH5241-JiVitA-3,1,Mother,TSFTMM,Triceps skinfold thickness (mm),0,0 Months,5,5,Anthropometry
kiGH5241-JiVitA-3,1,Mother,TSFTMM,Triceps skinfold thickness (mm),1,1 Months,1,1,Anthropometry
kiGH5241-JiVitA-3,1,Mother,TSFTMM,Triceps skinfold thickness (mm),3,3 Months,1215,1215,Anthropometry
kiGH5241-JiVitA-3,1,Mother,TSFTMM,Triceps skinfold thickness (mm),4,4 Months,128,128,Anthropometry
kiGH5241-JiVitA-3,1,Mother,TSFTMM,Triceps skinfold thickness (mm),5,5 Months,8,8,Anthropometry
kiGH5241-JiVitA-3,1,Mother,TSFTMM,Triceps skinfold thickness (mm),6,6 Months,1592,1591,Anthropometry
kiGH5241-JiVitA-3,1,Mother,SSFTMM,Subscapular skinfold thickness (mm),-1,Prenatal,1801,1440,Anthropometry
kiGH5241-JiVitA-3,1,Mother,SSFTMM,Subscapular skinfold thickness (mm),0,0 Months,5,5,Anthropometry
kiGH5241-JiVitA-3,1,Mother,SSFTMM,Subscapular skinfold thickness (mm),1,1 Months,1,1,Anthropometry
kiGH5241-JiVitA-3,1,Mother,SSFTMM,Subscapular skinfold thickness (mm),3,3 Months,1214,1214,Anthropometry
kiGH5241-JiVitA-3,1,Mother,SSFTMM,Subscapular skinfold thickness (mm),4,4 Months,128,128,Anthropometry
kiGH5241-JiVitA-3,1,Mother,SSFTMM,Subscapular skinfold thickness (mm),5,5 Months,8,8,Anthropometry
kiGH5241-JiVitA-3,1,Mother,SSFTMM,Subscapular skinfold thickness (mm),6,6 Months,1592,1591,Anthropometry
kiGH5241-JiVitA-4,1,Mother,MUACCM,Mid upper-arm circumference (cm),0,0 Months,3362,3362,Anthropometry
kiGH5241-JiVitA-4,1,Mother,MUACCM,Mid upper-arm circumference (cm),1,1 Months,710,710,Anthropometry
kiGH5241-JiVitA-4,1,Mother,MUACCM,Mid upper-arm circumference (cm),2,2 Months,282,282,Anthropometry
kiGH5241-JiVitA-4,1,Mother,MUACCM,Mid upper-arm circumference (cm),3,3 Months,116,116,Anthropometry
kiGH5241-JiVitA-4,1,Mother,MUACCM,Mid upper-arm circumference (cm),4,4 Months,25,25,Anthropometry
kiGH5241-JiVitA-4,1,Mother,MUACCM,Mid upper-arm circumference (cm),5,5 Months,10,10,Anthropometry
kiGH5241-JiVitA-4,1,Mother,MUACCM,Mid upper-arm circumference (cm),6,6 Months,1,1,Anthropometry
kiGH5307-ANISA,1,Mother,WTKG,Weight (kg),2,2 Months,49463,49463,Anthropometry
kiGH5307-ANISA,1,Mother,WTKG,Weight (kg),3,3 Months,1,1,Anthropometry
kiGH5307-ANISA,1,Mother,MUACCM,Mid upper-arm circumference (cm),2,2 Months,49463,49463,Anthropometry
kiGH5307-ANISA,1,Mother,MUACCM,Mid upper-arm circumference (cm),3,3 Months,1,1,Anthropometry
